id,tmdb_id
0,324857
1,297802
2,299536
3,424783
4,438674
5,383498
6,428078
7,284054
8,284053
9,351286
10,118340
11,438799
12,460885
13,402900
14,375588
15,297761
16,24428
17,363088
18,283995
19,335983
20,442249
21,401200
22,450001
23,1771
24,348350
25,22538
26,315635
27,333339
28,471507
29,99861
30,260513
31,416194
32,155
33,141052
34,460059
35,293167
36,27205
37,353081
38,10195
39,1726
40,297762
41,446101
42,271110
43,76341
44,603
45,293660
46,446807
47,19995
48,399402
49,76338
50,245891
51,353486
52,68721
53,181808
54,339846
55,100402
56,26854
57,4836
58,246655
59,339403
60,284052
61,49026
62,841
63,1724
64,449443
65,274857
66,345940
67,98
68,13183
69,324552
70,346910
71,401981
72,101
73,10138
74,445571
75,447200
76,374720
77,400535
78,305470
79,1487
80,335988
81,102899
82,273481
83,263115
84,137113
85,500664
86,281957
87,36557
88,11
89,140607
90,315837
91,64688
92,1893
93,282035
94,156022
95,330459
96,9806
97,395990
98,710
99,557
100,427641
101,24
102,240832
103,744
104,206647
105,338970
106,564
107,457943
108,18
109,209112
110,166426
111,345887
112,70160
113,43074
114,458594
115,454227
116,135397
117,23629
118,562
119,347375
120,127585
121,679
122,1991
123,49538
124,10191
125,755
126,339964
127,1885
128,620
129,8374
130,272
131,87101
132,106
133,1271
134,258489
135,11969
136,58595
137,82682
138,36657
139,336843
140,1892
141,207703
142,343668
143,5919
144,82702
145,503314
146,865
147,280
148,218
149,85
150,9476
151,300671
152,8204
153,546230
154,96721
155,228150
156,1927
157,27725
158,13475
159,337339
160,75612
161,138103
162,1858
163,37347
164,123553
165,559
166,7220
167,1895
168,400106
169,2080
170,10135
171,345009
172,429351
173,198663
174,20526
175,190859
176,22
177,37724
178,463272
179,157350
180,83542
181,454992
182,1894
183,8656
184,268896
185,1891
186,752
187,23483
188,36643
189,393
190,646
191,2164
192,333484
193,49521
194,676
195,11649
196,670
197,7131
198,353491
199,299687
200,9799
201,472715
202,8909
203,137106
204,1579
205,27578
206,95
207,68735
208,2024
209,50456
210,168259
211,268
212,390043
213,274855
214,330
215,290250
216,9470
217,338766
218,399035
219,861
220,9348
221,471429
222,342521
223,11362
224,11253
225,4638
226,188927
227,311324
228,166424
229,1089
230,254128
231,124905
232,1930
233,7485
234,324668
235,16320
236,203801
237,563
238,36668
239,89
240,8009
241,9659
242,12113
243,75780
244,302946
245,341013
246,291805
247,5503
248,290595
249,604
250,207932
251,847
252,10206
253,398175
254,449992
255,254
256,86834
257,10764
258,463319
259,475210
260,406990
261,429300
262,532649
263,177677
264,379149
265,417644
266,277
267,5548
268,18823
269,76757
270,80274
271,27581
272,75174
273,36658
274,17654
275,395991
276,10528
277,7446
278,58
279,541495
280,205584
281,818
282,82992
283,41154
284,102651
285,324852
286,435
287,72190
288,364
289,602
290,177572
291,110415
292,468219
293,11474
294,714
295,343611
296,49017
297,506863
298,193756
299,8456
300,87516
301,9804
302,59967
303,102382
304,44912
305,3604
306,524124
307,406761
308,1865
309,53182
310,414419
311,10336
312,47933
313,91314
314,36955
315,337170
316,429415
317,1701
318,1495
319,131634
320,497814
321,331
322,49530
323,415842
324,1734
325,281338
326,467938
327,2501
328,10803
329,68726
330,8292
331,101299
332,19585
333,438590
334,87
335,4327
336,2048
337,59965
338,8681
339,360814
340,117251
341,238713
342,9509
343,76163
344,474395
345,302699
346,415
347,253412
348,180
349,8810
350,1637
351,2789
352,285923
353,9312
354,369885
355,76170
356,9615
357,213681
358,58233
359,49529
360,396535
361,60304
362,37958
363,68724
364,9471
365,787
366,13939
367,1654
368,10196
369,158852
370,558
371,64635
372,334521
373,414
374,285
375,42737
376,283601
377,14161
378,412988
379,34813
380,479040
381,294254
382,9802
383,20662
384,1924
385,9488
386,37430
387,11954
388,8077
389,660
390,9738
391,38356
392,87421
393,1250
394,13416
395,22894
396,121856
397,47971
398,34544
399,38575
400,36669
401,9361
402,296
403,36647
404,10054
405,869
406,668
407,9495
408,440471
409,198184
410,27576
411,64686
412,954
413,564147
414,8367
415,257344
416,1572
417,49021
418,10189
419,433627
420,59961
421,2502
422,45612
423,561
424,174751
425,1735
426,137094
427,184315
428,58431
429,445651
430,616
431,58574
432,131631
433,11880
434,681
435,1669
436,217
437,1498
438,709
439,9323
440,1576
441,7555
442,54138
443,658
444,22794
445,387426
446,708
447,9396
448,929
449,8698
450,13804
451,59859
452,331313
453,10057
454,173897
455,39538
456,262504
457,14869
458,259695
459,13809
460,466411
461,1368
462,534
463,9480
464,56292
465,605
466,324849
467,8068
468,584
469,505954
470,348657
471,76649
472,9334
473,754
474,8078
475,1452
476,20504
477,15239
478,7551
479,340022
480,348389
481,49040
482,9556
483,262500
484,318279
485,11690
486,6978
487,6278
488,1995
489,459910
490,157
491,39514
492,346672
493,8814
494,22821
495,966
496,9502
497,531593
498,2059
499,388399
500,9486
501,9593
502,94329
503,308531
504,169
505,413658
506,657
507,9654
508,146
509,51497
510,1571
511,10658
512,106747
513,500475
514,49049
515,1573
516,2503
517,2486
518,9477
519,107985
520,608
521,192141
522,152747
523,59962
524,5551
525,707
526,5491
527,9737
528,1103
529,5176
530,44833
531,1992
532,377264
533,441282
534,134374
535,1966
536,8337
537,941
538,7516
539,1635
540,2133
541,9567
542,61020
543,328387
544,564149
545,389053
546,699
547,11551
548,68737
549,40805
550,205775
551,700
552,496524
553,664
554,97020
555,2135
556,425336
557,955
558,267193
559,9313
560,481203
561,10323
562,421658
563,316152
564,456750
565,9461
566,77016
567,698
568,296524
569,45132
570,500919
571,290512
572,47327
573,225574
574,72559
575,9543
576,8856
577,34851
578,390062
579,140300
580,7191
581,2310
582,448776
583,523777
584,325348
585,316727
586,667
587,57201
588,98566
589,154
590,10865
591,187017
592,425505
593,9619
594,324542
595,253
596,147441
597,287948
598,37834
599,324670
600,18533
601,23631
602,11006
603,52451
604,529646
605,119450
606,46529
607,267860
608,9013
609,14756
610,238636
611,1493
612,2055
613,56288
614,11667
615,1979
616,1844
617,62835
618,8592
619,475
620,278924
621,1620
622,294272
623,1880
624,8373
625,15512
626,7299
627,817
628,36670
629,38055
630,1428
631,203739
632,192102
633,10999
634,10590
635,336882
636,277355
637,8247
638,13811
639,157353
640,10083
641,9383
642,11411
643,2924
644,249070
645,10679
646,14164
647,49849
648,238615
649,8914
650,274854
651,61791
652,9360
653,8869
654,302156
655,168705
656,72710
657,107846
658,14199
659,8960
660,341006
661,12279
662,430040
663,956
664,136797
665,9331
666,273477
667,90
668,241254
669,11968
670,9947
671,691
672,309886
673,5236
674,211672
675,8961
676,44943
677,8845
678,37710
679,49797
680,257088
681,20187
682,72545
683,22907
684,916
685,6466
686,395
687,71676
688,8840
689,293767
690,10495
691,19898
692,43539
693,9257
694,9319
695,218043
696,72331
697,117263
698,347984
699,682
700,10216
701,36586
702,274862
703,11576
704,57165
705,1370
706,169917
707,2454
708,411135
709,70435
710,180299
711,326
712,9824
713,421
714,9739
715,109451
716,9679
717,365222
718,13813
719,984
720,136400
721,313297
722,241848
723,14746
724,438145
725,36648
726,9946
727,10249
728,38321
729,1577
730,2026
731,12244
732,8285
733,1369
734,440
735,9350
736,537190
737,2978
738,4108
739,12138
740,13455
741,97
742,505262
743,1948
744,2157
745,9355
746,17578
747,290825
748,13161
749,49519
750,9070
751,8619
752,47964
753,10017
754,174
755,9342
756,11665
757,9869
758,216282
759,503
760,307663
761,136795
762,6795
763,9326
764,49444
765,9335
766,18501
767,271404
768,333385
769,485811
770,1535
771,146216
772,576
773,10483
774,9053
775,55341
776,8195
777,6312
778,2109
779,9425
780,241554
781,27022
782,39254
783,9772
784,333669
785,11045
786,9626
787,455236
788,540871
789,8867
790,479
791,13460
792,49524
793,548204
794,248574
795,81188
796,6415
797,410554
798,11884
799,373569
800,79
801,9411
802,485296
803,13938
804,834
805,8202
806,35791
807,11495
808,11423
809,204082
810,9618
811,534094
812,23759
813,41283
814,10603
815,4513
816,9759
817,82700
818,10134
819,117691
820,9386
821,10680
822,339259
823,2362
824,136418
825,12610
826,314
827,9067
828,252822
829,144336
830,59678
831,334517
832,10386
833,11509
834,9651
835,10003
836,9349
837,10022
838,71679
839,345934
840,300673
841,10159
842,8487
843,9954
844,11470
845,281
846,11808
847,10016
848,27582
849,52520
850,1051
851,48138
852,9825
853,5175
854,291276
855,7840
856,460846
857,942
858,82
859,12106
860,102362
861,9823
862,9315
863,4421
864,22160
865,260346
866,5549
867,7737
868,11967
869,11286
870,20533
871,9584
872,9798
873,268531
874,200
875,17466
876,7364
877,849
878,7459
879,9482
880,525554
881,13056
882,37821
883,1996
884,9846
885,551
886,11879
887,8838
888,9874
889,11422
890,447665
891,1911
892,11463
893,182560
894,119283
895,399894
896,830
897,4824
898,2023
899,271969
900,9631
901,10357
902,11678
903,2669
904,72387
905,153518
906,295011
907,288
908,9270
909,199
910,7451
911,9289
912,10126
913,9610
914,10040
915,4413
916,6068
917,100241
918,9434
919,201
920,10923
921,485942
922,9604
923,27573
924,301
925,2100
926,8676
927,405775
928,11412
929,88751
930,60747
931,557968
932,8452
933,944
934,13027
935,460648
936,10061
937,412547
938,28893
939,8963
940,23742
941,9705
942,4349
943,9320
944,1738
945,9980
946,561546
947,80389
948,11645
949,9922
950,77866
951,11358
952,1497
953,12437
954,8831
955,11867
956,3536
957,6
958,472138
959,44048
960,431892
961,71469
962,497370
963,6950
964,22049
965,13051
966,49527
967,3989
968,448916
969,323675
970,10536
971,4442
972,9457
973,15092
974,7873
975,87826
976,420426
977,64639
978,22832
979,513691
980,9462
981,8007
982,19901
983,9531
984,8536
985,503346
986,6637
987,4477
988,27150
989,19959
990,404733
991,41215
992,9044
993,4105
994,22972
995,309049
996,13192
997,252178
998,360249
999,13836
1000,2140
1001,168098
1002,315011
1003,97430
1004,10622
1005,426285
1006,193
1007,9595
1008,4959
1009,455839
1010,9255
1011,178809
1012,42684
1013,75674
1014,335788
1015,4643
1016,9399
1017,335360
1018,2614
1019,9322
1020,10329
1021,18487
1022,454615
1023,16441
1024,12142
1025,9433
1026,11519
1027,23047
1028,292040
1029,210860
1030,11088
1031,373449
1032,474392
1033,20481
1034,11918
1035,9359
1036,4614
1037,168530
1038,1825
1039,526224
1040,1266
1041,172
1042,245703
1043,13995
1044,336004
1045,150
1046,14070
1047,5174
1048,9292
1049,261392
1050,2119
1051,461615
1052,10577
1053,5550
1054,522417
1055,24130
1056,9696
1057,5137
1058,82675
1059,528484
1060,254904
1061,3512
1062,9644
1063,11835
1064,9341
1065,134411
1066,262841
1067,548257
1068,59108
1069,254473
1070,334074
1071,10632
1072,11770
1073,18491
1074,359412
1075,41216
1076,8738
1077,3595
1078,1729
1079,86094
1080,54054
1081,354282
1082,1534
1083,7450
1084,256731
1085,531384
1086,417859
1087,4141
1088,10851
1089,9414
1090,16113
1091,76640
1092,9550
1093,81446
1094,9570
1095,398177
1096,32560
1097,201088
1098,11384
1099,48572
1100,14460
1101,12721
1102,2019
1103,9952
1104,1255
1105,37472
1106,11046
1107,10173
1108,26389
1109,44865
1110,301846
1111,9588
1112,188207
1113,9826
1114,11228
1115,8834
1116,61979
1117,11853
1118,10684
1119,18162
1120,15417
1121,542905
1122,1639
1123,9316
1124,32726
1125,7304
1126,943
1127,16136
1128,100697
1129,9923
1130,54160
1131,308504
1132,9886
1133,397415
1134,37931
1135,543033
1136,24804
1137,10952
1138,265208
1139,266396
1140,79548
1141,848
1142,9268
1143,22059
1144,46528
1145,290555
1146,12277
1147,2320
1148,10957
1149,11237
1150,195590
1151,9208
1152,340945
1153,469722
1154,9620
1155,11891
1156,470114
1157,10529
1158,445954
1159,66
1160,2112
1161,9876
1162,14560
1163,354556
1164,396263
1165,9945
1166,2085
1167,291356
1168,429733
1169,9920
1170,1656
1171,434355
1172,51608
1173,442064
1174,384798
1175,8584
1176,471474
1177,300168
1178,518502
1179,11980
1180,456048
1181,134597
1182,289720
1183,157845
1184,2620
1185,16314
1186,16225
1187,15982
1188,81796
1189,286873
1190,49494
1191,454650
1192,504056
1193,10136
1194,62206
1195,10651
1196,346808
1197,1408
1198,262543
1199,9562
1200,241843
1201,11575
1202,77645
1203,335778
1204,109513
1205,10204
1206,32985
1207,11856
1208,459258
1209,41857
1210,491629
1211,76544
1212,9367
1213,22021
1214,484886
1215,13509
1216,13387
1217,11713
1218,70074
1219,31867
1220,2163
1221,2312
1222,11864
1223,11231
1224,9793
1225,17814
1226,455551
1227,507569
1228,414190
1229,9573
1230,466876
1231,332
1232,8355
1233,13491
1234,494407
1235,521647
1236,11484
1237,74461
1238,1273
1239,12180
1240,10477
1241,9594
1242,10724
1243,42194
1244,11951
1245,426284
1246,9507
1247,14113
1248,10671
1249,294652
1250,9882
1251,537347
1252,6520
1253,24418
1254,452558
1255,7347
1256,55846
1257,13022
1258,10705
1259,263341
1260,496274
1261,82028
1262,9042
1263,23172
1264,80035
1265,430354
1266,525705
1267,10750
1268,10907
1269,10222
1270,11878
1271,22383
1272,19058
1273,399173
1274,256569
1275,482
1276,471014
1277,13855
1278,230179
1279,10796
1280,13333
1281,9405
1282,490214
1283,11037
1284,184341
1285,10772
1286,351901
1287,9664
1288,22164
1289,2155
1290,403605
1291,2207
1292,1857
1293,5289
1294,272548
1295,17134
1296,11535
1297,190955
1298,10771
1299,302150
1300,9086
1301,7461
1302,8850
1303,10027
1304,10648
1305,17339
1306,10070
1307,1662
1308,94348
1309,11524
1310,2330
1311,9600
1312,17689
1313,11983
1314,96
1315,402976
1316,65760
1317,10179
1318,31938
1319,177699
1320,39109
1321,427910
1322,13201
1323,10782
1324,45610
1325,332411
1326,326425
1327,11234
1328,8974
1329,14854
1330,13282
1331,2453
1332,106021
1333,268920
1334,10045
1335,12100
1336,532153
1337,11001
1338,13154
1339,381237
1340,9691
1341,12589
1342,11893
1343,460555
1344,339396
1345,10718
1346,9822
1347,10911
1348,502791
1349,127493
1350,308529
1351,14623
1352,77948
1353,493488
1354,244316
1355,17897
1356,409582
1357,28410
1358,41109
1359,49010
1360,38543
1361,382322
1362,1642
1363,310135
1364,877
1365,10650
1366,42661
1367,469274
1368,2114
1369,9012
1370,452557
1371,25941
1372,24655
1373,2926
1374,10117
1375,10538
1376,11165
1377,72431
1378,306
1379,4689
1380,51947
1381,11344
1382,10431
1383,11817
1384,535389
1385,2636
1386,118957
1387,315
1388,467824
1389,14249
1390,32081
1391,36677
1392,530254
1393,11849
1394,10498
1395,11568
1396,322548
1397,3089
1398,5916
1399,356500
1400,282813
1401,4816
1402,9395
1403,318954
1404,542460
1405,270938
1406,8409
1407,8697
1408,332718
1409,256040
1410,10992
1411,335777
1412,535369
1413,9400
1414,8870
1415,256961
1416,14636
1417,437109
1418,270774
1419,557972
1420,9622
1421,550290
1422,58857
1423,8010
1424,286567
1425,2436
1426,9333
1427,412862
1428,14240
1429,36645
1430,8975
1431,397567
1432,486684
1433,10877
1434,5922
1435,13258
1436,6623
1437,7549
1438,9703
1439,10649
1440,11842
1441,8982
1442,8333
1443,2099
1444,26170
1445,11564
1446,38780
1447,1685
1448,316042
1449,383785
1450,10628
1451,11935
1452,316776
1453,11059
1454,11016
1455,6723
1456,16577
1457,9056
1458,333663
1459,362045
1460,390734
1461,9381
1462,438457
1463,136835
1464,39691
1465,20681
1466,17836
1467,438740
1468,10540
1469,3054
1470,11443
1471,14373
1472,19403
1473,369698
1474,16850
1475,6038
1476,1941
1477,22311
1478,206213
1479,419639
1480,400136
1481,369032
1482,10228
1483,262338
1484,340176
1485,77663
1486,33273
1487,12088
1488,10589
1489,540
1490,15785
1491,11078
1492,589264
1493,447957
1494,10544
1495,6341
1496,9017
1497,10861
1498,314389
1499,432579
1500,455558
1501,31004
1502,4597
1503,73499
1504,13552
1505,473920
1506,347882
1507,427008
1508,29039
1509,347111
1510,8860
1511,14362
1512,435841
1513,1499
1514,37581
1515,10623
1516,482088
1517,10303
1518,7007
1519,1613
1520,178
1521,11859
1522,21142
1523,9997
1524,38225
1525,49526
1526,32059
1527,12289
1528,12481
1529,174675
1530,26715
1531,228968
1532,43930
1533,242310
1534,9501
1535,15983
1536,25473
1537,12246
1538,22787
1539,9548
1540,460790
1541,9059
1542,5471
1543,17169
1544,9884
1545,9569
1546,14641
1547,24230
1548,9448
1549,448847
1550,238751
1551,399611
1552,13945
1553,9271
1554,23535
1555,408648
1556,432139
1557,22910
1558,33762
1559,538153
1560,323373
1561,11342
1562,170657
1563,250066
1564,15070
1565,313943
1566,548928
1567,10423
1568,10461
1569,12211
1570,33055
1571,12500
1572,65374
1573,10007
1574,388202
1575,504231
1576,10652
1577,11866
1578,13922
1579,5820
1580,1783
1581,10063
1582,10048
1584,573641
1585,12651
1586,436931
1587,14919
1588,19384
1589,9566
1590,10553
1591,1647
1592,14551
1593,497727
1594,1494
1595,522964
1596,8854
1597,383121
1598,21338
1599,513324
1600,44147
1601,15067
1602,9978
1603,9103
1604,472921
1605,11230
1606,9873
1607,22048
1608,6071
1609,290764
1610,16233
1611,13291
1612,384737
1613,2269
1614,11676
1615,961
1616,12528
1617,504982
1618,436391
1619,36259
1620,12685
1621,11517
1622,10610
1623,17006
1624,549165
1625,398289
1626,289269
1627,15515
1628,86640
1629,9545
1630,11128
1631,27932
1632,449574
1633,47931
1634,12476
1635,540189
1636,372782
1637,536115
1638,20676
1639,11679
1640,12663
1641,14537
1642,12412
1643,496283
1644,19142
1645,286654
1646,443700
1647,11782
1648,98567
1649,93837
1650,18238
1651,31606
1652,11074
1653,21755
1654,3632
1655,11950
1656,21610
1657,11478
1658,405882
1659,406992
1660,11123
1661,192712
1662,26185
1663,10855
1664,545659
1665,203793
1666,11299
1667,122857
1668,270771
1669,13098
1670,431572
1671,15028
1672,12123
1673,17205
1674,1619
1675,9415
1676,514782
1677,24873
1678,542836
1679,11018
1680,398535
1681,33157
1682,580431
1683,473234
1684,280795
1685,1727
1686,485337
1687,350312
1688,9967
1689,27281
1690,14673
1691,10535
1692,21876
1693,26845
1694,24099
1695,423988
1696,36349
1697,284460
1698,41889
1699,123103
1700,13950
1701,15797
1702,27601
1703,11558
1704,16061
1705,8427
1706,26352
1707,6589
1708,79698
1709,2153
1710,15159
1711,28510
1712,452015
1713,148980
1714,10366
1715,1380
1716,44249
1717,441071
1718,18133
1719,515237
1720,10546
1721,521784
1722,34626
1723,9061
1724,277154
1725,241842
1726,295830
1727,17585
1728,464889
1729,18316
1730,521936
1731,2087
1732,2728
1733,527511
1734,449503
1735,12705
1736,33542
1737,10169
1738,315465
1739,10908
1740,79102
1741,18118
1742,139567
1743,15767
1744,35552
1745,28422
1746,15018
1747,9039
1748,351281
1749,37305
1750,437291
1751,38322
1752,13054
1753,11636
1754,28966
1755,11607
1756,31642
1757,16214
1758,52629
1759,44571
1760,116977
1761,9624
1762,17761
1763,518068
1764,408266
1765,246
1766,40739
1767,377985
1768,27380
1769,253450
1770,16456
1771,1969
1772,15698
1773,14908
1774,403232
1775,385232
1776,18252
1777,31604
1778,8978
1779,9989
1780,295786
1781,20721
1782,506763
1783,11375
1784,55236
1785,437068
1786,339116
1787,59963
1788,15268
1789,293771
1790,71883
1791,6968
1792,433945
1793,9423
1794,323517
1795,461714
1796,11205
1797,11692
1798,43417
1799,432165
1800,7010
1801,146227
1802,35371
1803,2749
1804,430011
1805,543005
1806,39002
1807,461053
1808,10835
1809,37645
1810,14979
1811,11504
1812,11532
1813,20289
1814,174682
1815,30462
1816,28165
1817,11702
1818,26978
1819,49478
1820,25602
1821,22434
1822,10615
1823,10447
1824,86000
1825,9091
1826,346651
1827,465642
1828,37835
1829,327833
1830,503838
1831,16246
1832,19118
1833,331190
1834,157823
1835,10723
1836,10347
1837,363579
1838,14282
1839,10345
1840,10413
1841,22572
1842,11258
1843,286548
1844,9727
1845,11609
1846,8011
1847,18726
1848,114606
1849,14172
1850,48677
1851,11169
1852,46429
1853,400649
1854,449927
1855,13006
1856,267800
1857,9812
1858,56832
1859,333354
1860,9546
1861,376292
1862,13249
1863,19379
1864,11385
1865,1936
1866,27418
1867,21779
1868,5146
1869,11595
1870,23470
1871,13503
1872,9625
1873,354110
1874,11851
1875,11712
1876,205724
1877,7916
1878,42807
1879,14469
1880,529362
1881,9491
1882,74998
1883,328595
1884,28740
1885,11942
1886,15026
1887,17336
1888,192538
1889,412758
1890,22915
1891,401600
1892,71677
1893,362703
1894,9710
1895,321068
1896,13637
1897,407455
1898,377447
1899,26011
1900,423627
1901,5552
1902,29710
1903,647
1904,480823
1905,24978
1906,27590
1907,385031
1908,34746
1909,13127
1910,57361
1911,493620
1912,27716
1913,283984
1914,12253
1915,397852
1916,10722
1917,65796
1918,23728
1919,413594
1920,436387
1921,469916
1922,436494
1923,401285
1924,74513
1925,14289
1926,2110
1927,11653
1928,450932
1929,21968
1930,22076
1931,274626
1932,187022
1933,15794
1934,1687
1935,29920
1936,496320
1937,512936
1938,91550
1939,287523
1940,9416
1941,356334
1942,329556
1943,15003
1944,182127
1945,347201
1946,19877
1947,3040
1948,13980
1949,347761
1950,24869
1951,180894
1952,62326
1953,15873
1954,78215
1955,7227
1956,10859
1957,9838
1958,370665
1959,24056
1960,54541
1961,410331
1962,290999
1963,11940
1964,19124
1965,1803
1966,21882
1967,462115
1968,199420
1969,429698
1970,9311
1971,1058
1972,158
1973,30840
1974,18885
1975,26127
1976,13300
1977,520276
1978,450509
1979,20789
1980,16969
1981,10874
1982,407887
1983,47547
1984,17774
1985,31947
1986,11841
1987,403867
1988,5920
1989,18214
1990,508648
1991,106355
1992,10694
1993,10596
1994,5851
1995,15379
1996,393695
1997,10167
1998,376812
1999,307479
2000,24746
2001,12639
2002,83896
2003,499461
2004,554972
2005,21502
2006,9717
2007,42230
2008,1702
2009,17809
2010,23033
2011,19277
2012,30618
2013,116613
2014,199534
2015,84858
2016,2927
2017,348892
2018,12207
2019,559700
2020,26369
2021,360055
2022,393306
2023,15152
2024,326107
2025,992
2026,266038
2027,29015
2028,387396
2029,12625
2030,13496
2031,523873
2032,13184
2033,77234
2034,15119
2035,22733
2036,392058
2037,18882
2038,27786
2039,47942
2040,11370
2041,32740
2042,269173
2043,260928
2044,3786
2045,16164
2046,27646
2047,29979
2048,568490
2049,13635
2050,209504
2051,24575
2052,425774
2053,40095
2054,12590
2055,2086
2056,2487
2057,15618
2058,17047
2059,409421
2060,31945
2061,3132
2062,15999
2063,140818
2064,27292
2065,27679
2066,430682
2067,2440
2068,371042
2069,395925
2070,552858
2071,555020
2072,173672
2073,40075
2074,45186
2075,225747
2076,10253
2077,317442
2078,429450
2079,10341
2080,256766
2081,10974
2082,6916
2083,284288
2084,461126
2085,282631
2086,11244
2087,40720
2088,80188
2089,126963
2090,83359
2091,455847
2092,496316
2093,9278
2094,421313
2095,227359
2096,23030
2097,16411
2098,27350
2099,501987
2100,440777
2101,119892
2102,412678
2103,401061
2104,516321
2105,12599
2106,277597
2107,1680
2108,14664
2109,19728
2110,105001
2111,25373
2112,26672
2113,42160
2114,222461
2115,10128
2116,110552
2117,40083
2118,31676
2119,26180
2120,8883
2121,28874
2122,49237
2123,443109
2124,20006
2125,11328
2126,24739
2127,15357
2128,13191
2129,18886
2130,94603
2131,484889
2132,28090
2133,27551
2134,270007
2135,157841
2136,283322
2137,26263
2138,299553
2139,95516
2140,550134
2141,551947
2142,303857
2143,19176
2144,505003
2145,276935
2146,256474
2147,512098
2148,480048
2149,20762
2150,216580
2151,124470
2152,27271
2153,375343
2154,219572
2155,93828
2156,9262
2157,172390
2158,6470
2159,13803
2160,5677
2161,114953
2162,65632
2163,40508
2164,21871
2165,363343
2166,4954
2167,41609
2168,10105
2169,461809
2170,404584
2171,256476
2172,12259
2173,127521
2174,24825
2175,16219
2176,467342
2177,281298
2178,179538
2179,28415
2180,128826
2181,432985
2182,6499
2183,11471
2184,363690
2185,29882
2186,14073
2187,13256
2188,107420
2189,10077
2190,34433
2191,218329
2192,507809
2193,43884
2194,28110
2195,17467
2196,376501
2197,107353
2198,27331
2199,15876
2200,330070
2201,456781
2202,366964
2203,42617
2204,138376
2205,47313
2206,49712
2207,568344
2208,167575
2209,344906
2210,21866
2211,422972
2212,26173
2213,11689
2214,20858
2215,12704
2216,29425
2217,389425
2218,364433
2219,39180
2220,12613
2221,401132
2222,29185
2223,55292
2224,52208
2225,315024
2226,475250
2227,67396
2228,13648
2229,28169
2230,13672
2231,484238
2232,346646
2233,77221
2234,18712
2235,29723
2236,15158
2237,19086
2238,13752
2239,39775
2240,40160
2241,6309
2242,13177
2243,531597
2244,388862
2245,14547
2246,290864
2247,351145
2248,22590
2249,37737
2250,339406
2251,456098
2252,532108
2253,19017
2254,5470
2255,1994
2256,28148
2257,27759
2258,32093
2259,277934
2260,37929
2261,32302
2262,262848
2263,9456
2264,441909
2265,14396
2266,325173
2267,435601
2268,341077
2269,400605
2270,94380
2271,334298
2272,496708
2273,184125
2274,335462
2275,14219
2276,26444
2277,50475
2278,363093
2279,291851
2280,14092
2281,11198
2282,317981
2283,450308
2284,25676
2285,406429
2286,68064
2287,102289
2288,338838
2289,19827
2290,23807
2291,458027
2292,391779
2293,60258
2294,493178
2295,10425
2296,22167
2297,91612
2298,16820
2299,250388
2300,420644
2301,2332
2302,313074
2303,75736
2304,59558
2305,44977
2306,94047
2307,140212
2308,15945
2309,460738
2310,4283
2311,17186
2312,11134
2313,331576
2314,16380
2315,25670
2316,1688
2317,16905
2318,14570
2319,432836
2320,27381
2321,18406
2322,93560
2323,79699
2324,21175
2325,27408
2326,34233
2327,234004
2328,10180
2329,376873
2330,45549
2331,10753
2332,14603
2333,30584
2334,263510
2335,266159
2336,27396
2337,11333
2338,9417
2339,12094
2340,26440
2341,8079
2342,208869
2343,1705
2344,31608
2345,24734
2346,207680
2347,456287
2348,33196
2349,270766
2350,19133
2351,18550
2352,21519
2353,16290
2354,33172
2355,7500
2356,31943
2357,20678
2358,269494
2359,413780
2360,70586
2361,383538
2362,2335
2363,13437
2364,95012
2365,94201
2366,38219
2367,250551
2368,35201
2369,24935
2370,9057
2371,394223
2372,251387
2373,12715
2374,14815
2375,20287
2376,59201
2377,13158
2378,30941
2379,451349
2380,1672
2381,14194
2382,46059
2383,7988
2384,16392
2385,104329
2386,42267
2387,25624
2388,14171
2389,42566
2390,144288
2391,15542
2392,399300
2393,14398
2394,74536
2395,26659
2396,10081
2397,4984
2398,9463
2399,19562
2400,426580
2401,454826
2402,8349
2403,113082
2404,21512
2405,3513
2406,5494
2407,47360
2408,531380
2409,13964
2410,73211
2411,457915
2412,360799
2413,503235
2414,13754
2415,10711
2416,277432
2417,10991
2418,411632
2419,2334
2420,25594
2421,3146
2422,452551
2423,9404
2424,15644
2425,34421
2426,11398
2427,356626
2428,390497
2429,240483
2430,70057
2431,464331
2432,37034
2433,265851
2434,75948
2435,57695
2436,122924
2437,19371
2438,24126
2439,50601
2440,67109
2441,30644
2442,425298
2443,238589
2444,22004
2445,427032
2446,84226
2447,57353
2448,19545
2449,522449
2450,534686
2451,200708
2452,200085
2453,125249
2454,32617
2455,23097
2456,348811
2457,33545
2458,42517
2459,26268
2460,480465
2461,44695
2462,434520
2463,215379
2464,40751
2465,205022
2466,9845
2467,89584
2468,13153
2469,239103
2470,390253
2471,26201
2472,464850
2473,54557
2474,505513
2475,37632
2476,18780
2477,38035
2478,9074
2479,33851
2480,506319
2481,15137
2482,380111
2483,15362
2484,242454
2485,27936
2487,497294
2488,37714
2489,24993
2490,489013
2491,12780
2492,401294
2493,41517
2494,20083
2495,38732
2496,19380
2497,63777
2498,46523
2499,330037
2500,15049
2501,31623
2502,437081
2503,47914
2504,34314
2505,375108
2506,10617
2507,12239
2508,47364
2509,333167
2510,67395
2511,278358
2512,250
2513,382597
2514,542476
2515,204435
2516,67221
2517,279096
2518,39256
2519,240881
2520,326284
2521,10350
2522,19317
2523,11847
2524,29653
2525,25571
2526,10550
2527,36851
2528,35854
2529,18870
2530,1441
2531,37498
2532,49158
2533,302026
2534,15074
2535,32924
2536,25553
2537,18355
2538,565839
2539,1450
2540,48180
2541,374205
2542,10951
2543,46743
2544,456562
2545,53426
2546,347096
2547,443297
2548,414779
2550,102629
2551,34750
2552,17832
2553,21724
2554,10064
2555,85615
2556,43332
2557,588904
2558,73500
2559,28981
2560,47822
2561,16325
2562,16353
2563,13522
2564,50687
2565,17386
2566,47825
2567,11049
2568,14527
2569,20802
2570,133121
2571,409564
2572,6058
2573,10235
2574,506971
2575,119698
2576,12764
2577,455043
2578,34309
2579,457312
2580,23599
2581,2994
2582,483315
2583,27899
2584,330431
2585,47201
2586,32080
2587,18783
2588,40135
2589,47345
2590,44568
2591,222216
2592,63350
2593,19258
2594,531753
2595,28450
2596,337876
2597,22843
2598,57926
2599,2172
2600,182873
2601,275269
2602,32051
2603,239523
2604,92647
2605,180948
2606,411736
2607,27905
2608,471968
2609,38540
2610,204968
2611,21241
2612,31638
2613,391629
2614,10879
2615,464764
2616,124157
2617,54287
2618,31600
2619,415214
2620,535035
2621,32620
2622,42738
2623,441762
2624,414523
2625,176983
2626,18784
2627,457837
2628,21376
2629,378088
2630,19884
2631,1872
2632,17905
2633,571446
2634,70196
2635,37698
2636,316654
2637,31002
2638,382598
2639,145738
2640,16514
2641,23847
2642,41135
2643,36775
2644,32387
2645,455252
2646,442094
2647,84449
2648,58699
2649,10670
2650,241765
2651,332177
2652,508528
2653,43209
2654,45408
2655,546447
2656,61755
2657,38618
2658,86337
2659,70590
2660,25087
2661,435366
2662,26300
2663,32049
2664,22476
2665,11795
2666,14134
2667,401689
2668,5753
2669,452323
2670,360203
2671,492719
2672,256092
2673,171846
2674,47854
2675,69785
2676,195269
2677,26877
2678,21614
2679,61880
2680,462036
2681,11058
2682,286709
2683,27549
2684,571656
2685,469872
2686,478187
2687,9455
2688,410988
2689,27953
2690,39287
2691,164331
2692,19267
2693,14805
2694,42620
2695,35463
2696,38654
2697,283589
2698,2160
2699,14097
2700,91618
2701,51261
2702,93562
2703,44796
2704,4201
2705,67390
2706,484862
2707,534530
2708,45284
2709,43279
2710,208495
2711,46495
2712,61404
2713,41946
2714,6883
2715,568428
2716,90164
2717,15860
2718,197950
2719,444608
2720,146578
2721,36191
2722,27232
2723,88107
2724,255692
2725,8983
2726,291290
2727,66664
2728,25678
2729,408620
2730,61984
2731,9698
2732,2017
2733,429977
2734,49852
2735,41805
2736,17478
2737,134350
2738,17043
2739,492402
2740,470641
2741,37316
2742,479718
2743,9458
2744,38629
2745,7234
2746,339362
2747,45522
2748,50346
2749,42725
2750,42205
2751,45398
2752,433623
2753,40804
2754,373564
2755,12236
2756,12532
2757,83354
2758,351694
2759,365651
2760,322922
2761,13481
2762,10448
2763,17720
2764,27462
2765,18983
2766,26196
2767,20781
2768,19322
2769,29805
2770,33673
2771,385320
2772,353879
2773,57585
2774,22090
2775,407626
2776,204553
2777,347872
2778,31935
2779,69848
2780,12251
2781,37905
2782,51543
2783,34462
2784,540247
2785,112304
2786,412467
2787,127315
2788,21990
2789,493416
2790,68865
2791,343059
2792,520232
2793,456565
2794,414719
2795,20002
2796,122800
2797,28735
2798,19664
2799,4639
2800,442405
2801,11955
2802,82485
2803,38940
2804,68818
2805,11616
2806,249772
2807,26583
2808,42358
2809,215776
2810,166822
2811,436932
2812,39554
2813,395482
2814,25224
2815,40810
2816,31922
2817,28070
2818,23739
2819,397003
2820,254472
2821,85365
2822,27641
2823,45706
2824,28339
2825,141603
2826,10381
2827,70428
2828,188489
2829,16139
2830,127533
2831,70008
2832,14937
2833,16873
2834,567203
2835,8991
2836,42120
2837,32065
2838,48015
2839,28983
2840,294993
2841,36642
2842,18065
2843,4706
2844,398385
2845,38558
2846,103601
2847,415193
2848,34637
2849,35138
2850,1682
2851,68635
2852,16379
2853,521113
2854,5742
2855,4034
2856,6016
2857,167733
2858,2095
2859,411268
2860,22585
2861,479924
2862,23587
2863,267767
2864,493686
2865,433422
2866,43388
2867,28820
2868,293413
2869,32014
2870,114478
2871,23928
2872,18994
2873,566114
2874,226672
2875,43935
2876,8953
2877,171776
2878,265351
2879,142315
2880,24671
2881,61031
2882,556801
2883,48490
2884,54185
2885,179798
2886,59917
2887,187962
2888,441531
2889,15166
2890,141267
2891,27342
2892,23538
2893,44801
2894,12577
2895,437633
2896,27352
2897,434119
2898,11143
2899,14943
2900,157283
2901,391486
2902,28881
2903,340382
2904,558589
2905,14003
2906,268413
2907,37960
2908,66193
2909,523593
2910,472918
2911,40507
2912,315669
2913,25528
2914,364615
2915,106326
2916,98085
2917,3177
2918,14140
2919,10975
2920,10703
2921,26689
2922,19108
2923,423360
2924,73737
2925,327253
2926,4986
2927,79374
2928,2125
2929,18158
2930,24828
2931,19731
2932,408490
2933,11658
2934,85985
2935,116445
2936,32148
2937,35907
2938,24613
2939,36679
2940,31671
2941,38950
2942,15766
2943,39419
2944,367206
2945,443408
2946,7237
2947,41945
2948,263471
2950,76091
2951,23102
2952,433128
2953,27010
2954,37593
2955,80410
2956,382220
2957,41057
2958,370992
2959,10348
2960,32502
2961,449510
2962,503267
2963,81778
2964,166680
2965,413198
2966,90926
2967,28850
2968,540612
2969,257450
2970,5842
2971,22121
2972,76349
2973,31583
2974,357851
2975,6399
2976,388347
2977,395938
2978,15588
2979,493838
2980,12561
2981,149234
2982,109161
2983,29473
2984,487593
2985,500971
2986,550176
2987,20411
2988,166012
2989,283127
2990,118887
2991,34814
2992,40740
2993,191562
2994,18450
2995,210911
2996,6935
2997,323966
2998,9921
2999,19174
3000,334376
3001,526475
3002,387470
3003,193088
3004,362185
3005,118683
3006,48921
3007,471530
3008,361159
3009,402672
3010,53906
3011,214910
3012,17501
3013,256687
3014,43490
3015,31597
3016,1873
3017,118406
3018,453127
3019,494
3020,7269
3021,183329
3022,365805
3023,15926
3024,568287
3025,26502
3026,86194
3027,27719
3028,348060
3029,416149
3030,24832
3031,85052
3032,380754
3033,367551
3034,565979
3035,92766
3036,31279
3037,59065
3038,19658
3039,504184
3040,146047
3041,38665
3042,14400
3043,505860
3044,1943
3045,35632
3046,42621
3047,110603
3048,48492
3049,5128
3050,456218
3051,79224
3052,344120
3053,449700
3054,258750
3055,198677
3056,15136
3057,51794
3058,276624
3059,402370
3060,417489
3061,398265
3062,545620
3063,36583
3064,21733
3065,67398
3066,27957
3067,70500
3068,546600
3069,110261
3070,31672
3071,388191
3072,228101
3073,281778
3074,41800
3075,38792
3076,456375
3077,277594
3078,9460
3079,47340
3080,89904
3081,9917
3082,459008
3083,65257
3084,20307
3085,46971
3086,545426
3087,28737
3088,11052
3089,31131
3090,47956
3091,38082
3092,38582
3093,41392
3094,21835
3095,51488
3096,63460
3097,71142
3098,494061
3099,25516
3100,37036
3101,11909
3102,357940
3103,25001
3104,393441
3105,389578
3106,352978
3107,252360
3108,513285
3109,18248
3110,97512
3111,79509
3112,63617
3113,200383
3114,452447
3115,11633
3116,45030
3117,249260
3118,384545
3119,298029
3120,3107
3121,82450
3122,471919
3123,141819
3124,447427
3125,25868
3126,332976
3127,141015
3128,20713
3129,42030
3130,434724
3131,46541
3132,500321
3133,412452
3134,24331
3135,32305
3136,393423
3137,90730
3138,136080
3139,19957
3140,21266
3141,209764
3142,96398
3143,259453
3144,25682
3145,27944
3146,26235
3147,46406
3148,467330
3149,18707
3150,28734
3151,26202
3152,21950
3153,202220
3154,9389
3155,31544
3156,42450
3157,14705
3158,383140
3159,80760
3160,20735
3161,76661
3162,10881
3163,119482
3164,366759
3165,80973
3166,45233
3167,43691
3168,91333
3169,298404
3170,316822
3171,2038
3172,15603
3173,86252
3174,114958
3175,38153
3176,550476
3177,7291
3179,28975
3180,41417
3181,33454
3182,52657
3183,10643
3184,20455
3185,2093
3186,60672
3187,249021
3188,1721
3189,461166
3190,4925
3191,9995
3192,154030
3193,59159
3194,28828
3195,218266
3196,54271
3197,10605
3198,42012
3199,27873
3200,10295
3202,263416
3203,18289
3204,40718
3205,518963
3206,51831
3207,36243
3208,36166
3209,85598
3210,254672
3211,68895
3212,11525
3213,47342
3214,40487
3215,47561
3216,34745
3217,508632
3218,291549
3219,10852
3220,460082
3221,126930
3222,269650
3223,27568
3224,117319
3225,18305
3226,49214
3227,381918
3228,28574
3229,99117
3230,14449
3231,21357
3232,41471
3233,52627
3234,294992
3236,540727
3237,56373
3238,76942
3239,104083
3240,356483
3241,27351
3242,120846
3243,271200
3244,51743
3245,322487
3246,36354
3247,241868
3249,404947
3250,442900
3251,22213
3252,81870
3253,283827
3254,456611
3255,67394
3256,273238
3257,68472
3258,280690
3259,20304
3260,100542
3261,535561
3262,27884
3263,32087
3264,131940
3265,75629
3266,452970
3267,12719
3268,26480
3269,62328
3270,427049
3271,302666
3272,104751
3273,85739
3274,20688
3275,278334
3276,396643
3277,316900
3278,258251
3279,505418
3280,171879
3281,42023
3282,401123
3283,65994
3284,421928
3285,37926
3286,280165
3287,77879
3288,562229
3289,506492
3290,86483
3291,56753
3292,66608
3293,96635
3294,487620
3295,2162
3296,544585
3297,17263
3298,18764
3299,370687
3300,100183
3301,472123
3302,13830
3303,60547
3304,27994
3305,76395
3306,56821
3307,39464
3308,32050
3309,88950
3310,51250
3311,16126
3312,32631
3313,71768
3314,20787
3315,404579
3316,37460
3317,329628
3318,36884
3319,20181
3320,11818
3321,23592
3322,66466
3323,20197
3324,45527
3325,18627
3326,246594
3327,39771
3328,29082
3329,11647
3330,445872
3331,364160
3332,58626
3333,214525
3334,551777
3335,413138
3336,73984
3337,46713
3338,15791
3339,100683
3340,29737
3341,21832
3342,445962
3343,25699
3344,190899
3345,366080
3346,21949
3347,69526
3348,161460
3349,17653
3350,355066
3351,9911
3352,61904
3353,164647
3354,89501
3355,31168
3356,69597
3357,320295
3358,14809
3359,65954
3360,354857
3361,74726
3362,137409
3363,39895
3364,165739
3365,50372
3366,9031
3367,41343
3368,13954
3369,57331
3370,44690
3371,18857
3372,285803
3373,63340
3374,23051
3375,140648
3376,25006
3377,110370
3378,244237
3379,415381
3380,62255
3381,29464
3382,119819
3383,42786
3384,11563
3385,93018
3386,98582
3387,309887
3389,516742
3390,398218
3391,537328
3392,15384
3393,38766
3394,12622
3395,443635
3396,50020
3397,31941
3398,39107
3399,72447
3400,30352
3401,531922
3402,19576
3403,218898
3404,349176
3405,61346
3406,32053
3407,130747
3408,104274
3409,57551
3410,106845
3411,332312
3412,22316
3413,29377
3414,216541
3415,46103
3416,4989
3417,160704
3418,341050
3419,19803
3420,526746
3421,519523
3422,208540
3423,37608
3425,32031
3426,462099
3427,343701
3428,16987
3429,11662
3430,453759
3431,52633
3432,284550
3433,456756
3434,28046
3435,395883
3436,39264
3437,8833
3438,31264
3439,443686
3440,2154
3441,21878
3442,17577
3443,24546
3444,119123
3445,168583
3446,179269
3447,31372
3448,26181
3449,187868
3450,500494
3451,416249
3452,24527
3453,376003
3454,51533
3455,11315
3456,68590
3457,30025
3458,112130
3459,296917
3460,483208
3461,118412
3462,408289
3463,41468
3464,465545
3465,19952
3466,9256
3467,41009
3468,10107
3469,58419
3470,12273
3471,39108
3472,68171
3473,18828
3474,44192
3475,47363
3476,240594
3477,35610
3478,24206
3479,102632
3480,14789
3481,426558
3482,80518
3483,4992
3484,2008
3485,24023
3486,164377
3488,273886
3489,206851
3490,87358
3491,99977
3492,41387
3493,83360
3494,112067
3495,26172
3496,221731
3497,10620
3498,16205
3499,36278
3500,51666
3501,44154
3502,42407
3503,248611
3504,48686
3505,408323
3506,148284
3507,10788
3508,31398
3509,127913
3510,19274
3511,530266
3512,362583
3513,4375
3514,259138
3516,94752
3517,102961
3518,377823
3519,41498
3520,455595
3521,319910
3522,59387
3523,124438
3524,46358
3525,148265
3526,50618
3527,11119
3528,117356
3529,60911
3530,78734
3531,35631
3532,25768
3533,8765
3534,81573
3535,47749
3536,2165
3537,433644
3538,18927
3539,540970
3540,282069
3541,552872
3542,474716
3543,102222
3544,69148
3545,410212
3546,38955
3547,10616
3548,297637
3549,402516
3550,26674
3551,171571
3552,15761
3553,360387
3554,56172
3555,33875
3556,32147
3557,73582
3558,481760
3559,32678
3560,362230
3561,445224
3562,381902
3563,47555
3564,26116
3565,110410
3566,44425
3567,82154
3568,12600
3569,38617
3570,456567
3571,196750
3572,24752
3573,480513
3574,45450
3575,343812
3576,69152
3577,68659
3578,35432
3579,10570
3580,107087
3581,24200
3582,299824
3583,49636
3584,539498
3585,457402
3586,236242
3587,44265
3588,30596
3589,262903
3590,10275
3591,45978
3593,35739
3594,494031
3595,71206
3596,24830
3597,113323
3598,12587
3599,98472
3600,62977
3601,46443
3602,312526
3603,37626
3604,272610
3605,14310
3606,438798
3607,1877
3608,42324
3609,273621
3610,39448
3611,17591
3612,413548
3613,11047
3614,72455
3615,24558
3616,83122
3617,230762
3618,85848
3619,20413
3620,36796
3621,256284
3622,330220
3623,37042
3624,392271
3625,215814
3626,566668
3627,433621
3628,344
3629,45029
3630,14392
3631,538260
3632,19829
3633,161321
3634,27717
3635,105869
3636,42845
3637,83382
3638,512236
3639,139659
3640,482114
3641,12636
3642,47423
3643,424118
3644,7011
3645,233112
3646,372518
3647,493
3648,46872
3649,55762
3650,79516
3651,39854
3652,63988
3653,217923
3654,40578
3655,450047
3656,44749
3657,109279
3658,566876
3659,69343
3660,38828
3661,343097
3662,441894
3664,1679
3665,403790
3666,534985
3667,353533
3668,287415
3669,376565
3670,3115
3671,21893
3672,31668
3673,18899
3674,264131
3675,70136
3676,78076
3677,412431
3678,29672
3679,14399
3680,10770
3681,40797
3682,40435
3683,220447
3684,134126
3685,437543
3686,71181
3687,10618
3688,62071
3689,166660
3690,50090
3691,201295
3692,6593
3693,382190
3694,14132
3695,5796
3696,312113
3697,50560
3698,40022
3699,289328
3700,42966
3701,97341
3702,257598
3703,438731
3704,69775
3705,23142
3706,32091
3707,47519
3708,450519
3709,16692
3710,142946
3711,408107
3712,31278
3713,65114
3714,204232
3715,20013
3716,31017
3717,25539
3718,152586
3719,74343
3720,397873
3721,211528
3722,409366
3723,13807
3724,308160
3725,151092
3726,79969
3727,244114
3728,191717
3729,509679
3730,96404
3731,129478
3732,42716
3733,456431
3734,550201
3735,56429
3736,217775
3737,11340
3738,299822
3739,48609
3740,119117
3741,281780
3742,45296
3743,29229
3744,20155
3745,321621
3746,32074
3747,44630
3748,91865
3749,450545
3750,369237
3751,241958
3752,467839
3753,325699
3754,54008
3755,25381
3756,79070
3757,323901
3758,16450
3759,35780
3760,435848
3761,33125
3762,18813
3763,35106
3764,211587
3765,61429
3766,23790
3767,65156
3768,194522
3769,484619
3770,437031
3771,69578
3772,218381
3773,29988
3774,62107
3775,36751
3776,48773
3777,403434
3778,23520
3779,98175
3780,87774
3781,500699
3782,144919
3783,215612
3784,24293
3785,183154
3786,31127
3787,238349
3788,49283
3789,348884
3790,30505
3791,14571
3792,74135
3793,45096
3794,24860
3795,61714
3796,332280
3797,92722
3798,69011
3799,460508
3800,79723
3801,42033
3802,89602
3803,357400
3804,345775
3805,91891
3806,87514
3807,56539
3808,85255
3809,15227
3810,20811
3811,117923
3812,305276
3813,349108
3814,109221
3815,493006
3816,32303
3817,248376
3818,19725
3819,55547
3820,440143
3821,41345
3822,493177
3823,370076
3824,51995
3825,10800
3826,34067
3827,95152
3828,485303
3829,37431
3830,33305
3831,45556
3832,19306
3833,29372
3834,564837
3835,252830
3836,304023
3837,45007
3838,65946
3839,67392
3840,18790
3841,26103
3842,15090
3843,49901
3844,26836
3845,18670
3846,46360
3847,40081
3848,41932
3849,361181
3850,22606
3851,4612
3852,341051
3854,16907
3855,21566
3856,41903
3857,44092
3858,127139
3859,24231
3860,346256
3861,35453
3862,17457
3863,43037
3864,25961
3865,43410
3866,192813
3867,430293
3868,512180
3869,410994
3870,18665
3871,10257
3872,50025
3873,39462
3874,29602
3875,43119
3876,54433
3877,10799
3878,519176
3879,128606
3880,551809
3881,42242
3882,284514
3883,264402
3884,83980
3885,303542
3886,49516
3887,12629
3888,77528
3889,103960
3890,43090
3891,94238
3892,107319
3893,290336
3894,20982
3895,5720
3896,84285
3897,556018
3898,279965
3899,103551
3900,19336
3901,10355
3902,8767
3903,124227
3904,36555
3905,9597
3906,90092
3907,74012
3908,102059
3909,46270
3910,37582
3911,252278
3912,199584
3913,201619
3914,127329
3915,19059
3916,14808
3917,84474
3918,362136
3919,28736
3920,139715
3921,46800
3922,29621
3923,13981
3924,362229
3925,24051
3926,85992
3927,36554
3928,446107
3929,136311
3930,357786
3931,112710
3932,41317
3933,39466
3934,317930
3935,38556
3936,48129
3937,552957
3938,530102
3939,141820
3940,33104
3941,143010
3942,254251
3943,47065
3944,335077
3945,570902
3946,568123
3947,444713
3948,362046
3949,39144
3950,257447
3951,370464
3952,71700
3953,44686
3954,10034
3955,19333
3956,39101
3957,65460
3958,243531
3959,98344
3960,357563
3961,85050
3962,405932
3963,91485
3964,40829
3965,105053
3966,177566
3967,83880
3969,87533
3970,26936
3972,41368
3973,16209
3974,575420
3975,476996
3976,40040
3977,456711
3978,93519
3979,478826
3980,29811
3981,11540
3982,919
3983,47550
3984,85600
3985,18725
3986,52027
3987,552681
3988,510028
3989,47871
3990,10619
3991,245527
3992,472299
3993,427342
3994,150535
3995,45682
3996,555853
3997,4292
3998,54081
3999,81861
4000,305341
4001,77068
4002,43205
4003,111237
4004,550488
4005,60591
4006,27073
4007,421831
4008,25266
4009,22408
4010,152437
4011,441744
4012,498739
4013,221732
4014,366617
4015,29610
4016,58448
4017,131737
4018,52837
4019,458257
4020,34459
4021,32064
4022,30655
4023,78237
4024,496324
4025,52721
4026,59883
4027,161491
4028,121828
4030,29958
4031,86777
4032,42900
4033,300983
4034,53101
4035,76101
4036,16407
4037,69351
4038,215248
4039,20567
4040,37403
4042,40485
4043,380731
4044,41378
4045,72412
4046,267467
4047,48016
4048,437083
4049,64348
4050,20256
4051,14572
4052,92399
4053,38141
4054,26010
4055,20499
4056,29890
4057,99223
4058,229594
4059,278347
4060,146270
4061,536420
4062,86718
4063,21947
4064,48315
4065,450765
4066,393277
4067,470458
4068,100269
4069,277353
4070,41902
4071,570019
4072,10044
4073,486606
4074,405924
4076,542423
4077,2036
4078,30927
4079,199556
4080,89139
4081,108059
4082,109213
4083,32318
4084,301730
4085,29231
4086,85676
4087,174645
4088,526103
4091,75624
4092,16124
4093,34184
4094,69636
4095,73907
4096,76609
4097,318356
4098,360924
4099,110345
4100,10572
4101,44745
4102,64079
4103,48153
4104,19635
4105,15807
4106,74974
4107,110624
4108,75744
4109,242546
4110,20164
4111,247954
4112,34800
4113,29173
4114,37032
4115,244852
4116,54022
4117,29119
4118,141703
4119,298923
4120,17629
4121,440345
4122,28173
4123,105927
4124,523640
4125,240566
4126,31453
4127,56125
4128,161322
4129,38661
4130,330417
4131,115386
4132,183659
4133,461816
4134,356841
4135,419530
4136,24221
4137,368239
4138,43780
4139,318572
4140,43230
4141,460616
4142,67386
4143,228979
4144,44005
4145,327709
4146,67883
4147,390587
4148,110112
4149,88377
4150,458266
4151,19988
4152,168243
4153,39104
4154,410190
4155,30421
4156,550046
4157,11537
4158,291692
4160,220820
4161,415669
4162,35022
4163,18257
4164,48313
4165,12539
4166,96112
4167,12655
4168,80281
4169,553610
4170,13255
4171,25253
4172,540841
4173,19978
4174,517388
4175,67716
4176,118737
4177,206145
4178,19506
4179,476794
4180,472876
4181,232195
4182,310458
4183,11693
4184,303335
4185,140174
4186,535110
4187,84361
4188,27737
4189,143540
4190,2137
4191,29068
4192,464876
4193,80046
4194,29064
4195,122710
4196,70581
4197,40352
4198,101718
4199,25684
4200,143976
4201,14607
4202,370817
4203,56085
4204,553250
4205,85798
4206,18816
4207,23404
4208,25716
4209,26972
4210,17808
4211,30642
4212,144209
4213,86647
4214,471513
4215,80067
4216,342502
4217,20848
4218,136881
4219,80757
4220,62330
4221,283749
4222,188306
4223,182954
4224,54164
4225,4435
4226,190469
4227,129089
4228,31972
4229,24227
4230,86600
4231,193050
4232,22020
4233,48193
4234,238850
4235,34065
4236,68995
4237,373922
4238,408149
4239,360133
4240,36909
4241,445821
4242,187439
4243,31524
4245,66392
4246,268874
4247,22390
4248,29570
4249,335127
4250,410266
4251,417503
4252,232788
4253,44662
4254,105379
4255,391402
4256,67659
4257,60269
4258,10751
4259,99373
4260,457064
4261,513439
4262,122767
4263,289198
4264,14763
4265,66759
4266,77195
4267,451997
4268,22595
4269,267504
4270,10732
4271,76850
4272,377729
4273,32034
4274,22717
4275,387393
4276,29851
4277,490168
4278,13970
4279,91847
4280,434129
4281,92272
4283,86133
4284,39932
4285,401461
4286,493621
4287,543103
4288,188089
4289,520788
4291,30624
4292,62185
4293,47647
4294,71282
4295,26113
4296,454796
4297,437463
4298,460557
4299,294690
4300,68942
4301,453289
4302,39295
4303,466928
4304,455985
4305,54456
4306,58302
4307,492684
4308,76965
4309,304274
4310,17935
4311,40213
4312,19670
4313,51911
4314,16221
4315,240614
4316,308165
4317,20264
4318,91845
4319,161398
4320,550315
4321,16990
4322,243901
4323,89450
4324,500500
4325,400391
4326,499468
4328,86616
4329,55808
4330,78352
4331,37863
4332,124655
4333,448783
4334,120172
4336,71910
4337,73952
4338,28280
4339,44946
4340,504551
4341,256968
4342,67342
4343,53877
4344,420827
4345,206203
4346,76807
4347,356549
4348,348689
4349,83407
4350,384683
4351,193385
4352,333021
4353,21460
4354,499398
4355,81463
4356,558569
4357,215322
4358,302445
4359,39102
4360,412075
4361,14816
4362,14575
4363,43098
4364,35834
4365,9774
4366,27824
4367,96786
4368,114281
4369,117096
4370,24528
4371,328069
4372,29220
4373,220495
4374,228355
4375,36934
4376,54269
4377,20605
4378,81557
4379,43213
4380,567884
4381,256742
4383,213015
4384,242166
4385,103173
4386,528656
4387,47292
4388,20971
4389,382542
4390,494971
4391,252168
4392,54439
4393,319920
4394,87614
4395,20184
4396,85236
4397,368017
4398,252728
4399,40655
4400,5061
4401,16808
4402,118079
4403,33591
4404,132744
4405,46369
4406,169818
4407,80805
4408,43368
4409,49261
4410,179767
4411,221425
4412,17810
4413,58028
4414,417033
4415,74436
4416,284279
4417,90990
4418,85398
4419,42520
4420,78398
4421,132008
4422,363925
4423,429829
4424,16432
4425,45520
4426,359025
4427,295590
4428,79026
4429,167635
4430,32061
4431,297239
4433,388418
4434,80287
4435,458939
4436,307344
4437,165076
4438,262474
4439,80924
4440,43348
4441,63006
4442,40420
4443,135531
4444,10798
4445,308274
4446,380784
4447,28867
4448,84690
4449,297721
4450,17581
4452,86256
4453,280163
4454,11930
4455,240865
4456,379088
4457,37100
4458,145668
4459,61954
4460,34856
4461,13723
4462,16138
4463,79634
4464,43636
4465,207177
4466,360188
4467,140860
4468,51463
4469,63469
4470,222339
4471,53163
4472,26541
4473,479753
4474,117369
4475,570027
4476,66212
4477,43370
4478,80846
4479,209369
4480,506414
4481,391751
4482,490778
4483,35402
4484,29242
4485,46124
4486,350499
4487,497768
4488,18696
4489,192339
4490,59118
4491,277751
4492,407311
4493,361129
4494,69638
4495,443487
4496,205126
4497,121676
4498,39027
4499,503928
4500,92469
4501,71200
4502,49028
4503,115042
4504,71120
4505,156288
4506,44631
4507,481359
4508,16311
4509,502538
4510,391729
4511,89651
4512,112241
4513,19386
4514,8415
4515,322590
4516,177360
4517,365187
4518,503601
4519,56533
4520,55860
4522,32654
4523,64864
4524,56534
4525,38034
4526,257155
4527,45273
4528,345287
4530,50087
4531,419544
4532,133558
4533,14351
4534,31251
4535,51728
4536,459795
4537,58787
4538,18760
4539,442869
4540,509624
4541,391484
4542,316686
4543,39523
4544,240341
4545,113076
4546,18146
4547,536061
4548,39469
4549,31521
4550,5889
4551,21707
4552,391955
4554,72638
4555,133727
4556,63825
4557,579605
4558,31525
4559,13345
4560,128081
4561,37112
4562,505727
4563,31104
4564,113728
4565,67305
4566,316013
4567,458641
4568,362262
4569,179897
4570,329991
4571,196385
4572,35405
4573,46368
4574,63654
4575,544054
4576,139324
4577,26125
4578,69499
4579,106968
4580,334292
4581,502308
4582,300433
4583,34179
4584,21665
4585,118732
4586,364324
4587,118844
4588,71841
4590,84140
4591,29054
4592,307251
4593,86501
4594,255161
4595,39491
4597,42810
4598,306383
4599,294736
4600,347064
4601,54498
4602,244437
4604,330414
4605,311166
4606,48301
4607,56969
4608,459698
4609,7008
4610,107243
4612,50767
4613,136735
4614,364153
4615,61525
4616,95562
4617,378774
4618,20700
4619,360731
4620,52891
4621,67669
4623,108726
4625,325746
4626,239541
4627,111037
4628,58878
4629,29947
4630,325366
4631,29582
4632,459722
4633,287767
4634,442000
4635,20742
4636,37702
4637,59117
4638,84415
4639,150230
4640,21106
4641,182228
4642,52661
4643,87303
4644,18860
4645,50633
4646,262119
4647,69394
4648,32520
4649,1481
4650,39103
4651,372399
4652,79553
4653,345235
4654,26974
4655,459075
4656,245690
4657,343070
4658,413167
4659,298538
4660,5714
4661,126415
4662,417878
4663,442370
4664,421768
4665,499247
4666,39468
4667,43786
4668,340829
4669,94176
4670,510819
4671,49186
4672,362585
4673,199949
4674,110139
4675,92304
4677,48161
4678,501606
4679,417761
4680,38670
4681,44251
4682,385383
4683,471331
4684,11612
4685,75379
4686,82628
4687,41725
4688,52034
4689,61370
4690,458249
4691,437271
4692,39057
4693,276014
4694,456659
4695,170998
4696,356488
4698,463969
4699,328739
4700,41497
4701,30143
4702,521639
4703,458478
4704,60778
4705,19623
4706,43860
4707,31154
4708,36728
4709,55687
4710,115834
4711,23155
4712,38425
4713,452910
4715,185497
4716,57011
4717,5004
4718,86740
4719,86201
4720,66530
4721,92378
4722,79875
4723,362997
4724,55766
4725,404531
4726,41380
4727,308695
4728,21840
4729,11681
4730,71284
4731,349740
4732,298581
4733,97618
4734,146091
4735,18741
4736,28750
4737,277778
4738,69443
4739,334281
4740,92750
4741,87906
4742,85602
4743,37294
4744,382754
4745,348748
4746,118300
4747,11048
4748,439584
4750,412096
4751,263475
4752,23381
4753,24595
4754,165550
4755,484432
4757,177231
4758,32045
4759,44699
4760,38394
4761,40980
4762,165282
4763,434449
4764,44587
4765,536895
4766,21115
4767,346911
4768,36147
4769,116994
4770,336265
4771,508822
4772,190754
4773,22460
4774,112078
4775,280168
4776,11614
4777,207790
4778,322443
4779,149895
4780,376541
4782,143136
4783,52808
4784,569947
4785,534296
4786,502549
4787,51859
4788,363618
4789,30266
4790,230645
4791,55951
4792,251749
4793,483839
4794,20993
4795,15813
4796,16321
4797,238519
4798,40599
4799,108507
4800,36430
4801,59882
4802,117871
4803,87151
4804,154397
4805,366169
4807,110419
4808,44941
4809,70576
4810,16911
4811,18674
4812,10116
4813,21521
4814,42262
4815,268150
4816,461777
4817,123755
4818,40171
4819,192210
4820,76871
4821,31240
4822,105945
4823,61298
4824,419140
4825,10254
4826,121015
4827,260203
4828,432167
4829,147405
4830,461789
4831,33671
4832,28366
4833,58447
4834,453412
4835,207901
4836,362739
4837,39977
4838,52855
4839,52522
4841,12648
4842,509412
4843,527266
4844,15981
4845,82731
4846,481126
4847,19644
4848,94818
4849,38746
4850,86651
4851,212143
4852,32100
4854,38155
4855,198063
4856,213612
4857,169298
4858,63260
4859,39996
4860,85611
4861,299552
4862,285387
4863,15719
4864,326494
4865,534789
4866,22731
4867,456983
4868,19486
4869,338314
4870,548669
4871,512114
4872,404720
4873,54415
4874,436369
4875,57186
4876,26656
4877,39106
4878,2644
4879,428639
4880,427433
4881,127523
4882,71930
4883,161987
4884,87905
4886,390744
4887,75821
4888,17593
4889,3541
4891,382651
4892,53281
4893,103314
4894,45006
4895,510568
4896,49291
4897,52010
4898,51216
4899,2076
4900,107079
4901,425961
4902,324971
4903,45390
4904,159657
4905,78229
4907,319669
4908,66526
4909,62329
4910,104974
4911,517380
4912,78686
4913,495009
4914,80276
4915,435863
4916,527746
4917,525831
4918,198674
4919,338518
4920,257448
4921,49983
4922,224003
4923,37748
4924,306396
4925,446796
4926,78201
4928,18731
4929,144414
4931,23076
4932,72892
4933,88067
4934,105242
4935,82361
4936,11496
4937,345984
4938,160265
4939,479093
4940,14538
4941,264273
4942,39386
4943,415913
4944,363978
4945,40027
4946,373200
4947,31221
4949,81772
4950,66667
4951,107327
4952,302348
4953,17954
4954,157394
4955,96265
4956,39105
4957,97343
4959,418588
4960,539731
4961,502963
4962,25122
4963,484938
4964,147655
4965,24827
4966,408360
4967,368006
4968,418029
4969,85673
4970,506464
4971,415386
4972,379542
4973,45232
4974,91620
4975,66659
4976,90072
4977,464088
4978,43355
4979,177828
4981,15048
4982,420826
4983,42997
4984,25855
4985,45001
4986,18763
4987,115124
4988,385152
4989,279988
4990,36693
4991,213439
4992,92712
4993,13293
4995,422592
4996,364795
4997,46686
4999,66107
5000,291671
5001,299738
5002,138952
5003,410481
5004,371363
5005,14075
5006,40468
5007,173793
5008,127843
5009,320150
5010,313179
5011,85020
5012,60124
5013,59145
5014,42515
5015,198343
5016,78375
5017,515851
5018,49514
5019,1711
5020,26129
5021,40076
5022,49029
5023,319586
5024,98376
5025,146559
5026,31258
5027,101736
5028,11021
5030,123770
5031,114174
5032,81847
5033,41377
5035,100540
5036,77683
5037,110165
5038,31162
5040,36949
5042,278258
5043,59843
5044,315509
5045,506734
5046,44854
5047,493817
5048,95028
5049,53828
5050,516852
5051,499273
5052,30379
5053,36238
5054,19669
5055,66469
5057,81110
5058,528422
5059,331311
5060,517800
5061,349005
5062,199808
5063,520558
5064,88253
5065,525330
5066,303903
5067,464912
5068,36577
5069,39274
5070,32295
5071,147767
5072,22029
5073,83418
5074,107412
5075,136543
5076,52161
5077,26661
5078,289732
5079,427023
5080,22166
5081,71833
5082,296367
5083,184202
5084,44963
5085,558435
5086,11476
5087,54777
5088,30526
5089,29363
5090,4857
5091,5493
5092,286339
5093,353415
5094,55376
5095,121901
5096,41042
5098,360817
5099,94071
5100,250477
5101,34059
5102,73587
5103,43248
5104,278691
5105,10231
5106,359471
5107,72639
5108,430521
5109,37172
5110,382437
5111,86477
5113,367195
5115,78212
5116,151488
5117,26158
5118,26199
5119,78321
5120,104287
5121,31378
5122,58045
5123,485869
5124,329909
5125,60181
5126,327315
5127,36434
5128,366148
5129,97559
5130,146375
5131,298032
5132,302939
5133,406385
5134,178552
5135,61062
5136,43450
5137,68716
5138,72114
5139,343660
5140,309151
5141,460552
5142,375872
5143,296690
5144,79954
5145,303406
5146,176017
5147,440266
5148,39776
5149,46281
5150,83078
5151,302941
5152,455432
5153,290556
5154,57747
5155,14977
5156,45210
5157,528419
5158,515847
5160,448764
5161,428658
5162,359105
5163,505906
5165,37668
5166,50571
5167,11767
5168,363593
5169,118807
5170,246575
5171,536566
5172,22924
5173,507562
5174,223902
5175,365961
5177,18867
5178,420503
5179,526841
5180,159436
5181,39828
5182,471054
5183,254009
5184,512387
5185,534006
5187,326781
5188,18695
5189,238010
5190,416777
5191,25974
5192,140605
5194,355309
5195,86295
5196,40045
5197,462003
5198,411041
5199,20237
5200,141289
5201,168498
5202,65674
5203,12541
5204,18861
5205,103210
5206,17082
5207,14193
5208,311469
5209,40909
5210,11144
5211,365414
5212,369777
5213,232783
5214,568026
5215,371676
5216,89526
5217,436350
5218,71141
5219,499362
5220,31008
5221,17811
5222,161451
5223,82727
5224,481952
5225,109425
5226,55667
5227,403517
5228,32070
5229,535076
5231,38162
5232,524025
5233,82914
5234,32233
5235,322340
5236,442774
5237,45607
5238,50250
5239,62186
5240,44245
5241,423383
5242,51465
5243,34019
5244,188640
5245,96147
5246,456017
5247,466438
5248,159090
5250,43035
5251,160261
5252,117636
5253,65649
5254,119175
5255,88518
5256,60856
5257,147741
5258,317039
5259,407777
5261,38022
5262,51725
5263,508396
5264,109028
5265,30886
5266,315009
5267,251619
5268,544261
5269,152035
5270,20236
5271,28796
5272,99846
5273,398096
5275,32922
5276,333583
5277,19156
5278,55758
5279,66507
5280,48519
5281,103048
5282,54757
5283,96106
5284,368012
5285,68479
5286,88183
5287,16997
5288,2004
5289,159636
5290,89125
5291,95337
5292,260016
5293,19504
5294,72664
5295,78570
5296,49355
5297,535169
5298,37238
5299,556075
5300,520195
5301,32581
5302,169832
5303,181928
5304,127531
5305,30948
5306,408165
5307,126464
5308,53000
5309,177667
5310,117058
5311,556460
5312,185640
5313,382739
5314,108266
5315,121840
5316,296695
5317,30814
5318,206459
5319,4807
5320,215136
5321,88266
5322,56431
5323,277519
5324,42552
5325,24029
5326,56095
5327,67758
5328,39459
5329,31960
5330,347457
5331,277399
5332,97437
5333,74074
5334,18200
5335,318848
5336,108377
5337,3173
5338,101728
5339,109104
5341,27640
5342,19548
5343,35081
5344,59450
5345,257852
5346,218413
5347,1284
5348,514700
5349,50723
5350,75745
5351,40017
5352,161442
5353,25646
5354,20493
5355,136394
5356,464723
5357,142948
5358,550571
5359,18575
5360,45009
5361,11373
5362,171408
5363,145561
5364,27895
5365,95019
5366,414957
5367,11512
5368,66197
5369,51422
5370,64650
5371,81782
5372,52331
5373,82190
5374,40709
5375,27240
5376,145472
5377,530588
5378,391274
5379,311496
5380,32921
5381,40812
5382,72013
5383,328402
5384,455650
5385,38299
5386,384156
5387,53653
5388,138960
5389,41244
5391,186320
5392,61462
5393,168430
5394,359785
5395,347755
5396,86637
5397,146260
5398,243794
5399,374954
5400,11055
5401,116776
5402,24561
5403,23286
5404,11039
5405,14891
5406,252994
5407,408743
5408,391872
5409,141058
5410,76140
5411,69225
5412,305899
5413,158807
5414,48559
5416,37023
5417,291310
5418,257347
5419,509533
5420,9581
5421,81417
5422,488356
5423,42360
5424,233830
5425,56666
5426,55157
5427,51878
5428,23340
5429,66373
5430,280173
5431,87154
5432,75833
5433,158571
5434,139367
5435,314421
5436,260046
5437,383278
5438,82737
5439,80156
5440,28019
5441,549590
5442,25645
5443,433150
5444,66370
5445,451199
5446,456511
5447,21607
5448,362154
5449,18374
5450,16016
5451,83877
5452,569122
5453,15770
5454,303398
5455,491121
5456,63188
5457,279931
5458,358171
5459,50505
5460,279133
5461,103201
5462,36943
5463,46615
5464,536593
5467,84967
5468,53061
5469,171823
5470,50632
5471,33457
5472,20364
5473,55261
5474,499990
5475,433094
5476,32160
5477,86672
5478,68863
5480,220428
5481,69056
5482,35038
5483,171363
5484,119540
5485,138595
5486,21964
5487,521288
5488,214219
5490,59258
5491,76131
5492,199581
5493,438257
5494,172767
5495,63372
5496,35837
5497,89516
5498,41383
5499,40685
5500,42727
5501,528011
5502,81002
5503,21253
5504,208242
5505,86515
5506,458386
5507,94236
5508,147407
5509,31942
5510,259557
5511,82884
5512,421701
5513,260516
5514,214209
5515,5700
5516,310578
5517,499789
5518,44978
5519,402780
5520,39145
5521,23736
5522,44608
5523,363178
5524,132711
5525,119383
5526,126962
5527,72901
5528,434123
5529,53883
5530,302424
5531,20063
5532,63642
5533,61044
5534,224076
5535,97466
5536,302897
5537,33554
5538,30942
5539,452103
5540,115391
5541,363735
5542,390388
5543,58723
5544,325555
5545,119325
5546,253899
5547,450152
5548,507049
5549,145161
5550,112054
5551,81010
5552,482326
5553,2463
5554,50515
5555,160242
5556,14573
5557,31248
5558,206749
5559,318484
5560,83930
5561,233390
5562,357833
5563,461311
5564,21463
5566,89385
5567,42711
5568,15724
5569,76088
5570,150218
5571,64881
5572,70862
5573,30575
5574,429524
5575,137164
5576,66006
5577,63448
5578,312275
5579,31128
5580,29966
5581,107920
5582,44751
5583,355948
5584,34585
5585,399459
5586,568120
5587,408866
5588,30321
5589,16269
5590,139582
5591,90121
5592,84296
5593,234266
5594,31374
5595,57351
5596,50939
5597,3481
5598,515815
5599,507839
5600,330282
5601,260033
5602,155491
5603,140887
5604,38677
5605,55873
5606,447721
5607,381645
5608,84080
5609,204395
5610,45533
5611,398786
5612,414824
5613,362150
5614,510575
5615,121823
5617,233487
5619,261047
5621,302705
5622,222671
5623,302990
5625,227878
5626,72655
5627,255993
5628,26340
5629,28489
5630,170645
5631,73245
5632,49938
5633,40837
5634,268823
5635,50777
5636,121703
5637,476020
5638,57782
5639,357706
5640,457832
5641,497110
5642,41289
5643,36218
5644,25377
5645,39029
5646,436047
5647,545339
5648,242661
5649,127554
5650,37030
5651,25425
5652,19206
5653,434395
5654,166872
5655,316447
5656,259129
5657,38361
5658,17143
5659,63636
5660,41482
5661,3201
5662,52970
5663,122832
5664,312788
5665,94741
5666,121520
5667,405264
5668,431821
5669,59265
5670,185526
5671,54845
5672,76968
5673,87967
5674,64205
5675,216791
5676,23861
5677,156643
5678,33460
5679,60159
5680,17922
5681,69846
5682,82780
5683,285753
5684,506750
5685,376440
5686,88046
5687,39359
5688,267580
5690,67345
5691,116227
5692,18817
5693,5068
5694,180688
5695,21072
5696,83889
5697,504198
5698,262973
5699,484423
5700,24049
5701,462391
5702,67635
5703,281938
5704,2911
5705,91128
5706,233490
5707,56913
5708,50075
5709,375946
5710,112938
5711,423448
5712,21700
5713,376199
5714,38662
5715,233479
5716,317655
5717,22124
5718,233246
5719,58959
5720,441139
5721,125297
5722,37571
5723,395339
5724,527862
5725,507398
5726,97653
5727,29192
5728,52452
5729,254869
5730,551272
5731,111765
5732,77403
5733,13099
5734,108126
5735,81470
5737,114756
5738,54940
5739,69564
5740,90180
5741,44263
5742,84321
5743,56535
5744,30443
5745,565932
5746,17285
5747,492867
5748,225405
5749,242061
5750,199326
5751,495362
5752,73933
5753,498821
5754,230435
5755,103640
5756,485789
5757,542330
5758,97904
5759,290772
5760,430988
5761,540914
5762,54067
5763,291438
5764,145335
5765,326282
5766,578366
5767,32005
5768,59900
5770,222882
5771,96985
5772,363105
5773,127519
5774,9048
5775,44536
5776,163583
5777,101737
5778,441542
5779,46009
5781,199229
5782,276859
5783,161782
5784,41477
5785,492679
5786,66853
5787,96664
5788,484936
5789,48038
5790,89072
5791,40750
5792,585389
5793,153879
5794,117335
5795,67563
5796,117085
5797,555248
5798,336082
5799,56996
5800,37939
5801,459403
5802,80546
5803,57848
5804,166255
5805,12580
5806,77031
5807,89068
5809,455509
5811,38010
5812,79545
5813,580287
5814,111614
5815,252720
5816,81270
5817,119327
5818,51200
5819,495503
5820,333944
5821,48757
5822,103424
5823,146608
5825,447823
5826,134368
5827,362296
5828,99377
5829,57047
5830,121820
5831,391765
5832,11539
5833,113785
5834,465027
5835,80741
5836,363890
5837,230431
5838,54926
5839,307614
5840,19798
5841,240900
5843,9050
5844,304157
5847,46372
5848,188621
5849,509989
5850,229202
5851,21040
5852,112842
5853,439601
5854,112936
5855,519909
5856,46619
5857,61271
5858,101864
5859,69924
5860,299796
5861,25426
5862,45716
5863,280873
5864,60740
5865,37223
5866,69504
5867,87836
5868,126914
5869,42952
5870,561974
5871,84630
5872,13391
5873,59480
5874,167484
5875,30377
5876,509009
5877,306395
5879,170033
5880,332608
5881,13409
5882,59253
5883,41107
5884,63670
5885,27270
5886,61391
5887,512768
5888,469469
5889,567331
5891,283345
5892,491194
5893,55068
5894,121282
5895,13514
5896,69536
5897,98549
5898,167595
5899,166027
5900,73273
5901,390441
5903,68732
5904,415978
5905,68359
5906,182886
5907,88379
5909,47537
5910,28925
5911,29352
5912,90720
5913,246984
5914,264041
5915,18758
5916,95140
5917,448908
5918,149085
5919,235704
5920,161040
5921,46403
5922,40644
5923,280106
5924,98377
5925,493622
5926,122192
5927,32517
5928,41849
5929,41845
5930,58402
5932,224778
5933,111648
5934,149464
5935,397204
5936,68089
5937,14105
5938,29046
5939,26947
5940,112456
5941,55208
5943,124352
5944,344248
5945,28678
5946,16852
5947,41381
5948,33124
5949,411717
5950,408921
5951,567581
5952,16566
5953,31235
5954,161436
5955,47759
5956,18457
5958,18056
5959,160247
5960,85141
5962,474252
5963,39148
5964,74410
5965,38099
5967,281490
5968,230453
5970,463308
5971,514886
5972,20093
5973,66247
5974,66491
5975,233934
5976,50610
5978,269016
5979,112306
5980,134458
5981,491811
5982,240160
5983,551982
5984,503577
5985,28263
5986,114322
5987,363152
5988,39100
5989,482239
5990,126374
5991,90617
5992,326011
5993,391036
5994,306039
5995,274826
5997,311571
5998,48897
5999,575760
6000,53355
6001,340775
6002,304137
6003,154291
6004,285191
6005,84235
6006,270200
6007,116738
6008,280019
6009,214521
6010,333545
6011,83706
6012,76083
6013,11160
6014,441036
6015,121129
6016,433121
6017,36293
6018,22448
6019,427395
6020,28805
6021,285213
6022,199460
6023,40537
6024,94510
6026,41379
6027,550593
6028,404713
6029,492880
6030,307786
6031,41474
6032,29043
6033,358966
6034,376371
6035,45279
6037,10026
6038,46202
6039,98477
6040,270653
6041,462927
6042,178222
6044,33461
6045,96448
6046,269332
6047,93457
6048,349732
6049,58398
6050,88758
6051,226200
6052,63022
6053,63647
6054,78035
6055,542709
6056,124294
6057,176590
6058,198895
6059,362584
6060,43519
6061,42608
6062,123806
6063,120092
6064,128048
6065,253708
6066,471664
6068,125141
6069,427689
6071,39979
6072,576375
6073,11491
6074,43475
6075,37656
6076,383703
6077,102953
6078,459170
6079,86209
6080,262866
6081,331298
6082,180680
6083,188540
6084,44565
6085,45871
6087,31027
6088,345426
6089,91196
6090,42137
6092,27058
6093,69407
6094,266550
6095,43226
6096,172372
6097,61037
6098,4289
6099,248561
6100,32490
6101,54797
6102,40223
6103,117784
6105,413892
6106,212168
6107,353501
6108,161238
6109,56986
6111,312408
6112,42551
6113,36779
6114,278429
6115,41486
6116,43454
6117,437116
6118,318562
6119,6414
6120,370575
6121,156188
6122,15910
6123,40911
6124,328716
6125,361866
6127,51215
6128,54510
6129,254420
6131,59426
6132,428741
6133,425741
6135,117435
6136,177335
6137,49222
6138,58733
6139,477776
6140,47467
6141,5261
6142,38526
6143,504404
6144,89921
6145,56481
6146,188357
6147,172817
6148,20049
6149,18672
6150,316505
6151,46428
6152,84801
6153,333876
6154,51191
6155,45864
6156,112700
6157,203591
6158,80873
6159,30305
6160,52980
6162,49327
6163,156024
6164,34713
6165,179848
6166,64218
6167,49773
6168,441967
6169,497985
6170,44729
6171,178029
6172,351072
6173,145942
6174,49609
6175,161179
6176,526772
6177,44183
6178,25074
6179,565277
6180,174733
6181,69520
6182,26569
6183,458443
6184,574910
6186,28166
6187,412455
6188,35963
6190,52011
6191,233223
6192,148341
6193,446348
6194,82962
6196,117322
6198,55977
6199,52215
6200,110773
6201,426780
6202,5037
6203,12543
6204,26866
6205,562230
6206,29410
6207,295814
6208,86987
6209,44424
6210,44870
6211,51590
6213,369932
6215,544198
6216,36294
6218,58637
6219,258879
6220,12504
6221,224951
6222,353429
6224,454545
6225,580568
6226,168940
6227,18259
6228,244426
6229,57663
6230,26259
6231,40166
6232,69508
6233,161237
6234,65020
6235,2371
6236,359628
6237,16074
6238,35747
6239,213195
6240,107311
6241,4528
6242,283881
6243,402434
6244,44613
6245,357834
6246,79406
6247,69150
6248,69847
6249,299559
6250,86968
6251,38140
6252,60488
6253,46304
6254,551508
6255,44808
6256,115432
6257,370720
6258,141643
6259,84324
6260,47336
6261,391616
6262,90086
6264,111867
6265,150839
6266,47520
6267,481484
6268,530782
6269,420055
6270,41546
6271,50572
6272,49359
6273,421259
6274,14707
6275,346093
6276,28347
6277,72904
6278,404392
6279,443959
6280,339143
6281,31937
6282,358901
6283,76231
6284,40042
6285,88937
6286,40084
6287,330420
6288,105040
6289,414597
6290,497449
6291,76951
6292,14258
6293,470317
6294,14797
6295,293475
6296,82711
6297,417009
6298,88947
6300,116165
6301,69556
6302,239605
6303,117874
6304,511445
6305,482342
6306,357830
6307,34586
6308,110004
6309,112140
6310,109525
6311,105252
6312,69326
6313,39862
6314,27649
6315,444480
6316,104237
6317,189542
6318,109035
6319,411612
6320,2139
6321,340426
6322,2442
6323,74064
6324,34342
6325,64739
6326,125981
6327,342550
6328,147973
6329,338927
6330,37620
6331,41373
6332,105130
6333,43672
6334,53590
6335,37441
6336,85854
6337,256601
6338,499249
6339,68252
6340,65172
6341,210408
6342,102784
6343,370645
6344,70412
6345,68878
6346,71838
6347,415007
6348,14539
6349,185267
6350,161710
6351,86685
6352,225945
6354,34546
6355,204275
6356,222336
6357,54404
6358,5890
6359,46658
6360,71072
6361,16687
6362,459725
6363,82572
6364,108904
6365,201178
6366,74929
6367,6277
6368,86509
6369,19611
6370,192723
6371,69651
6372,260362
6373,31334
6374,513079
6375,134051
6376,446830
6377,54178
6378,39347
6379,13626
6380,279020
6382,82053
6383,69437
6384,282070
6385,259282
6386,215775
6388,23834
6389,140561
6390,82206
6391,97870
6392,30817
6393,54003
6394,302883
6395,192675
6396,153509
6397,144974
6398,76084
6399,245917
6400,53165
6401,45438
6402,255745
6403,54880
6404,458928
6406,36217
6407,96469
6408,99086
6409,280392
6410,479272
6411,8980
6412,198254
6413,54512
6414,44752
6415,273828
6416,76975
6417,18568
6418,53658
6419,463520
6420,43419
6421,541757
6422,102358
6423,64771
6424,484415
6425,11053
6426,117416
6427,73549
6428,243762
6430,3490
6431,382638
6432,323933
6433,449350
6434,56671
6435,141974
6436,438526
6437,42287
6438,464438
6439,57830
6440,267794
6442,68380
6443,80238
6444,551267
6445,505992
6446,81060
6447,392580
6448,20177
6449,165755
6450,401480
6451,355383
6452,15575
6453,107010
6454,83103
6455,88090
6456,61853
6457,504227
6458,40194
6459,108372
6460,358862
6461,107352
6462,4968
6463,432342
6464,86848
6465,431399
6466,103227
6467,531681
6468,84504
6469,445131
6470,218671
6471,370112
6472,84900
6473,36214
6474,194924
6475,375552
6476,80343
6477,500828
6478,29801
6479,306364
6480,431643
6482,90728
6483,69667
6484,57992
6485,346166
6486,28039
6487,566994
6488,25956
6489,15930
6490,486329
6491,220468
6492,330705
6493,543969
6494,376446
6495,134435
6496,168045
6497,341405
6498,362100
6499,21247
6501,302154
6502,59500
6503,103364
6504,491127
6505,38760
6506,90009
6507,72117
6508,340213
6509,265312
6510,81850
6511,546441
6512,69598
6513,15571
6514,402193
6515,26832
6516,26600
6517,116490
6518,58954
6521,79336
6522,543932
6523,27860
6524,69932
6525,20646
6526,110674
6527,87681
6528,225440
6529,504543
6530,132163
6531,187787
6532,492999
6533,303356
6534,71065
6535,410572
6536,499660
6537,386982
6538,30771
6539,401697
6540,76082
6541,391766
6542,146255
6543,243856
6544,18060
6545,81128
6546,304755
6547,21776
6548,338421
6550,441023
6551,92119
6552,349198
6553,34192
6554,353430
6555,74287
6556,280064
6557,26666
6558,567664
6559,52686
6560,117092
6561,445130
6562,185752
6563,464766
6564,452878
6566,87621
6567,50477
6568,69669
6569,42447
6570,452690
6571,22338
6573,129850
6574,75896
6576,318564
6577,104334
6578,17180
6579,47177
6580,95493
6581,24603
6582,23115
6583,369835
6584,379660
6585,37848
6586,38649
6587,54844
6588,474955
6590,101856
6591,36459
6592,30123
6593,64521
6594,66369
6595,390364
6596,128598
6597,514879
6598,519011
6599,22156
6601,383526
6602,208036
6603,233204
6604,213996
6605,248268
6606,33171
6607,251429
6608,27547
6609,461292
6610,280882
6611,306368
6612,69632
6613,66166
6614,46065
6615,80395
6616,529525
6617,27316
6618,291904
6619,67189
6620,119365
6622,75899
6623,291164
6624,80931
6625,108173
6627,186926
6628,242911
6629,84425
6630,138411
6631,129302
6632,89653
6633,26471
6634,40391
6635,295587
6636,29032
6637,98213
6638,46943
6639,83361
6640,166225
6641,258651
6642,498214
6643,360826
6644,404665
6645,24769
6646,107203
6647,84729
6648,68810
6649,486399
6650,143901
6651,192074
6652,100063
6653,64160
6654,62880
6655,24716
6656,80200
6657,316053
6658,55738
6659,66302
6660,498016
6661,52595
6662,45833
6663,290730
6664,413637
6665,530448
6666,45266
6667,399171
6668,410237
6669,121801
6670,115268
6671,487249
6672,107196
6673,258567
6674,289535
6675,38821
6676,408579
6677,215231
6678,29871
6679,53769
6680,28640
6681,400328
6682,54442
6683,499681
6684,20917
6685,256561
6686,528112
6687,69568
6688,307513
6689,134791
6690,46111
6691,111971
6692,320752
6693,22355
6694,62852
6695,166217
6696,485865
6697,466677
6698,477877
6699,304496
6700,252411
6701,232840
6702,458679
6703,20976
6704,94536
6705,54177
6707,134303
6709,466347
6710,551589
6711,22520
6712,76171
6713,109114
6714,120713
6715,69661
6716,253451
6717,14044
6718,18767
6719,194136
6720,548915
6721,426579
6722,127461
6723,200975
6724,347331
6726,109465
6727,189312
6728,26229
6729,13077
6730,66756
6731,325125
6732,588489
6733,291284
6734,296777
6735,174759
6736,366628
6737,20406
6738,32925
6739,411629
6740,36821
6741,89573
6742,87995
6743,40471
6744,20225
6746,32010
6747,33102
6748,27876
6749,224920
6750,50583
6751,40346
6752,41577
6753,338126
6754,74289
6755,91475
6756,316269
6757,54069
6758,253460
6759,69934
6760,303891
6761,563575
6762,9742
6763,402243
6764,277229
6765,378184
6766,17282
6767,31700
6768,8490
6769,101444
6770,86251
6771,69625
6772,359588
6774,52810
6776,256023
6777,27231
6778,71873
6779,30079
6781,291545
6782,152359
6783,85837
6784,39912
6785,86192
6786,300900
6787,79997
6788,11813
6789,366267
6790,211095
6791,218613
6792,146926
6793,240179
6794,84844
6795,159666
6796,87341
6797,19503
6798,69513
6799,293628
6800,93884
6802,1416
6803,22639
6804,30198
6805,144290
6806,82133
6807,85133
6808,35643
6809,71918
6810,85780
6812,442949
6813,58412
6814,479355
6815,252404
6816,227056
6817,356002
6818,545572
6819,82609
6820,161455
6821,250608
6822,107954
6823,80797
6824,167449
6825,63924
6826,140896
6827,124595
6828,97342
6829,69784
6830,170078
6831,43216
6832,69664
6833,411832
6834,281560
6835,64992
6836,89609
6837,59402
6838,40813
6840,302537
6841,18812
6842,38201
6845,482337
6846,228092
6847,217155
6848,100605
6849,95334
6850,62201
6851,30627
6852,18666
6853,320910
6854,371811
6855,452706
6856,49074
6858,501390
6859,447959
6860,281168
6861,499953
6862,492887
6863,382155
6864,33478
6865,552376
6866,580794
6867,331596
6868,72612
6869,338644
6870,96231
6871,209863
6872,57335
6873,25487
6874,158670
6875,142300
6876,23854
6877,329984
6878,50104
6879,164073
6880,30489
6881,66372
6882,410154
6883,461786
6884,45736
6885,49163
6886,166343
6888,202214
6889,42326
6890,80380
6891,54417
6892,343139
6893,188846
6894,120749
6895,197655
6896,279410
6897,230274
6898,138667
6899,59822
6900,466147
6902,112967
6903,210626
6904,58457
6905,27536
6906,43325
6907,52324
6908,49828
6909,49223
6910,161449
6911,143879
6912,125223
6913,274285
6915,182484
6916,525150
6917,353267
6918,83805
6919,33110
6920,292992
6921,100545
6922,29901
6923,44022
6924,33866
6925,382743
6926,98586
6927,468316
6928,165016
6929,80806
6930,396466
6931,365719
6932,43033
6933,345868
6934,402099
6935,46917
6936,301662
6937,439057
6938,509850
6939,76788
6940,39456
6941,563801
6942,121878
6943,37902
6944,28460
6945,476417
6947,84062
6948,93769
6949,117899
6950,305044
6951,157887
6953,253622
6954,330081
6955,27817
6956,21232
6957,327328
6958,55089
6959,476935
6960,272287
6961,280200
6962,161828
6963,83038
6964,95363
6965,103423
6966,46301
6967,367209
6968,150213
6969,223760
6970,161404
6971,38226
6972,110667
6973,18510
6974,69572
6975,159653
6976,347807
6977,80539
6979,64316
6980,86273
6981,232817
6982,345386
6983,376455
6984,22600
6985,269238
6986,185471
6988,46959
6989,150912
6990,115067
6991,20053
6992,571293
6993,41536
6994,178154
6995,161439
6996,219399
6997,73653
6998,143653
6999,105858
7000,21537
7001,187188
7002,524708
7003,200211
7004,88087
7005,63644
7006,68649
7007,41535
7008,36682
7009,76897
7010,128634
7011,73553
7012,51701
7015,528135
7016,330419
7017,94965
7018,35170
7019,329134
7020,223091
7021,54045
7022,29814
7023,13513
7024,49967
7025,252455
7026,73529
7028,136741
7029,325945
7030,203272
7031,37712
7032,188313
7033,254011
7034,239845
7036,315694
7037,145677
7038,340855
7039,108267
7040,124054
7041,113752
7042,308056
7043,210395
7044,54474
7045,34465
7046,66256
7048,100088
7049,38610
7050,382751
7051,325894
7052,229862
7053,92380
7054,396100
7055,58311
7056,86712
7057,139308
7058,104316
7059,187855
7060,134719
7061,25165
7062,296832
7064,353500
7065,134464
7066,159655
7067,17790
7068,262970
7069,16767
7070,67605
7071,197999
7072,515802
7073,456289
7074,232496
7075,369007
7076,568242
7077,354624
7078,511909
7079,69005
7080,114936
7081,60009
7082,422600
7083,18589
7084,263505
7085,30232
7086,111851
7087,86254
7088,76086
7090,45965
7091,229194
7092,78550
7093,74310
7094,48412
7096,66454
7097,347674
7098,73682
7099,69417
7101,80793
7102,315841
7103,362117
7105,529439
7106,419557
7107,191017
7108,23767
7109,46875
7110,110116
7111,125292
7112,57845
7113,205030
7114,23702
7115,42601
7116,331567
7117,76201
7118,52421
7119,508910
7120,449854
7122,151652
7123,51517
7124,86087
7125,175240
7126,57735
7127,14216
7128,462605
7129,504148
7130,153386
7131,39516
7132,220850
7133,164713
7134,31394
7135,17101
7136,158828
7137,569670
7138,115905
7139,166626
7140,88390
7142,37680
7143,267605
7144,117506
7145,294512
7146,261492
7147,202189
7148,159660
7149,284205
7150,383281
7151,509712
7152,85608
7153,326834
7155,439123
7156,62762
7157,29764
7158,388155
7159,476853
7160,63376
7161,1436
7162,54639
7163,166017
7164,471402
7165,294413
7166,38963
7167,277722
7168,335095
7169,394170
7170,56353
7172,17099
7173,350893
7174,34440
7175,66279
7176,196978
7177,21708
7178,61356
7179,570481
7180,161395
7181,479994
7182,144508
7183,44067
7184,527884
7185,272119
7186,95955
7187,87872
7188,242084
7190,39313
7191,28331
7192,253611
7193,414687
7194,31270
7196,89146
7197,42385
7198,315209
7199,412107
7200,39900
7202,348655
7203,336735
7204,254112
7205,23705
7206,136303
7207,161392
7208,417093
7209,302638
7210,204240
7211,388764
7212,64214
7213,95508
7214,52541
7215,558630
7216,68476
7217,128185
7218,57955
7219,23638
7220,54478
7221,359865
7222,231298
7223,570716
7224,68712
7225,462573
7226,47648
7227,346580
7228,33337
7229,33551
7230,524158
7231,230648
7233,35917
7234,42248
7235,49597
7236,20966
7237,57683
7238,30755
7239,367882
7240,118636
7241,322163
7243,27302
7245,91221
7246,459254
7248,51259
7249,36261
7250,112328
7251,369212
7252,232728
7253,18855
7254,425927
7255,253798
7256,251210
7257,103820
7258,15068
7259,148240
7260,98399
7261,407982
7262,412991
7263,163879
7264,168878
7265,228756
7266,81460
7268,91888
7269,80785
7270,165404
7271,171853
7272,141139
7273,60402
7274,50295
7276,40789
7278,6319
7279,119591
7280,45407
7281,433057
7282,52273
7283,70702
7284,66241
7285,92069
7286,16922
7287,20372
7288,311146
7289,66105
7290,268305
7292,64745
7293,140231
7294,94235
7296,19351
7297,391455
7298,350962
7299,304257
7300,19738
7301,44216
7302,557336
7303,406598
7304,68478
7305,324382
7306,51731
7307,499740
7308,85172
7309,75338
7310,24946
7311,34763
7312,21906
7313,82469
7314,493107
7315,232827
7316,461211
7317,469114
7318,457648
7319,19946
7320,27306
7321,65515
7323,393255
7324,408084
7325,33501
7326,143523
7327,286029
7328,383835
7329,73414
7331,281011
7332,356751
7333,106922
7334,272243
7335,347835
7336,74522
7338,78165
7339,90590
7340,54875
7342,69599
7343,74042
7344,504407
7346,275835
7347,29630
7348,417170
7349,410480
7350,41158
7351,132269
7352,42182
7353,104044
7354,21041
7355,539126
7356,89144
7357,5965
7358,25124
7359,278403
7360,28358
7361,25660
7362,225468
7363,84082
7364,44727
7365,31124
7367,463207
7368,106090
7369,79638
7370,207377
7371,366585
7373,40180
7374,20290
7375,486495
7377,77250
7378,262227
7379,60489
7380,287590
7381,45454
7382,68742
7383,316105
7384,314998
7385,114623
7386,102088
7387,520517
7388,123187
7389,26467
7390,294800
7392,96077
7393,78840
7395,92375
7396,215339
7397,199544
7398,331061
7399,367778
7402,43210
7403,99987
7404,94809
7405,557656
7406,412017
7407,89514
7408,36564
7409,68761
7411,251893
7412,62960
7414,299730
7415,479829
7416,107714
7417,32861
7418,138775
7419,347328
7420,173931
7421,468255
7423,69774
7424,53129
7425,151662
7426,580545
7427,74262
7428,498419
7430,7292
7431,95838
7432,55911
7433,287950
7435,108928
7436,556596
7437,52972
7438,289214
7439,24775
7440,232047
7441,239129
7442,80957
7446,26481
7447,19529
7448,68103
7449,74349
7450,394078
7453,271234
7455,32982
7456,513394
7457,568278
7458,491145
7459,91655
7460,91476
7461,407816
7462,449416
7463,557241
7464,569669
7465,48215
7466,111978
7468,161448
7469,55771
7470,69401
7471,346296
7472,567447
7473,93754
7474,569815
7475,214974
7476,370986
7477,389231
7478,53004
7479,218788
7480,512866
7481,155973
7482,291624
7484,40609
7485,202968
7486,81087
7487,332971
7488,258157
7489,496150
7490,141030
7491,52944
7492,161453
7493,435199
7494,13471
7495,143421
7496,303403
7497,74785
7498,127686
7499,79467
7500,65106
7501,38220
7502,42777
7503,65118
7504,384973
7505,63251
7506,13202
7507,43988
7508,18735
7509,54843
7510,585238
7511,27329
7512,383200
7513,66470
7515,34131
7516,169946
7517,223685
7518,10109
7519,45197
7520,263995
7521,118632
7522,493479
7523,482477
7524,98122
7525,456226
7526,17888
7527,563775
7528,237413
7529,40226
7530,465164
7531,58409
7532,376302
7533,72231
7534,158450
7535,326335
7537,238359
7538,86462
7539,462655
7540,316807
7541,45548
7542,547912
7544,58990
7545,155442
7546,30883
7547,99062
7548,31297
7549,419548
7550,240283
7551,39758
7553,102938
7554,196872
7555,85768
7556,440858
7557,15939
7558,565579
7559,412669
7560,73876
7562,492851
7563,36282
7564,296375
7565,85800
7566,71308
7568,371420
7569,406781
7571,56981
7572,319633
7573,473036
7574,228096
7575,172747
7576,66366
7577,80391
7578,32286
7580,240186
7581,391548
7582,257044
7583,453727
7584,281954
7585,119533
7586,27245
7587,180109
7588,241555
7589,371439
7590,399456
7591,161434
7592,363847
7593,64576
7594,304984
7595,180268
7596,274062
7597,34295
7598,292285
7599,485818
7600,311404
7601,47139
7602,398636
7603,131473
7604,76089
7605,58498
7606,223168
7607,153998
7608,527640
7609,9321
7610,302309
7611,80201
7612,18624
7613,208567
7614,70327
7615,208269
7616,42247
7617,29101
7618,346714
7619,27592
7620,111730
7621,52316
7622,413634
7623,191534
7624,75382
7625,99582
7626,235085
7627,552963
7628,130027
7629,21013
7631,428292
7632,26023
7633,66160
7637,42764
7638,544266
7639,15689
7640,42202
7641,106093
7642,53804
7643,354630
7644,206202
7645,280948
7646,33145
7647,72127
7648,246087
7649,478149
7651,336104
7652,89552
7653,179159
7654,277258
7655,157107
7656,53656
7658,10084
7660,236007
7661,17627
7662,57776
7663,278786
7664,60160
7665,138755
7666,27524
7667,54422
7668,488115
7669,41728
7670,104052
7671,140175
7673,56617
7674,46736
7675,248554
7676,269646
7677,95429
7678,21015
7679,224087
7680,309593
7682,411882
7683,23715
7684,66346
7685,248087
7686,136446
7687,212449
7688,81472
7689,29014
7690,413342
7691,4535
7692,465472
7693,325891
7694,528044
7695,378106
7696,36321
7697,128975
7698,92780
7699,279254
7700,199715
7701,95524
7702,80944
7703,208271
7704,335556
7705,179656
7706,21325
7707,108121
7708,49814
7709,442845
7710,157771
7711,219249
7712,121927
7713,49642
7714,67327
7715,55449
7716,98097
7717,15942
7718,64319
7719,36590
7721,341036
7722,78092
7723,318563
7724,86345
7725,321662
7726,197013
7727,83507
7728,87464
7729,41628
7730,125736
7731,67723
7732,252523
7733,122473
7735,233795
7736,382732
7737,253546
7738,81062
7739,382996
7740,28778
7741,40452
7742,110367
7743,207300
7744,69590
7745,60368
7747,438058
7748,76438
7749,17029
7750,70385
7751,61187
7752,54554
7753,14074
7754,77175
7755,369834
7756,66351
7757,232708
7758,486605
7759,128893
7760,496698
7761,220881
7762,105510
7764,145923
7765,314076
7766,284162
7767,69861
7768,285812
7770,469689
7771,180223
7772,42855
7773,253709
7774,189148
7775,392567
7776,11556
7777,222334
7778,371878
7779,73749
7780,69539
7781,37280
7782,189942
7783,111208
7785,57852
7786,419319
7787,152388
7788,365936
7789,448166
7790,91060
7791,188891
7793,463016
7794,350061
7795,256018
7796,433109
7797,101237
7798,295218
7799,236035
7800,313531
7801,205680
7802,50683
7803,32158
7804,505908
7805,483809
7806,25655
7807,541580
7808,29897
7809,69565
7810,292871
7811,71101
7812,278143
7813,112143
7814,410206
7815,37043
7816,288173
7817,73990
7818,215137
7819,344494
7821,419254
7822,488372
7823,137420
7825,9097
7826,351067
7827,22537
7828,87736
7829,88737
7830,92681
7831,320029
7832,80984
7833,39865
7834,417978
7835,241384
7836,213668
7837,225888
7838,93765
7839,26056
7840,70324
7841,221080
7842,302882
7843,199960
7844,26637
7846,23150
7847,399382
7848,304333
7850,103696
7851,62149
7852,382543
7853,252276
7854,461448
7855,48417
7856,374639
7857,44852
7858,295340
7859,146671
7860,93013
7861,26927
7862,262179
7863,185472
7864,347854
7865,462964
7866,161420
7867,94192
7868,25971
7869,55884
7870,225898
7872,397198
7873,73417
7874,136542
7875,143844
7876,25505
7877,412326
7879,122863
7880,60087
7881,360632
7882,161413
7883,197639
7884,13718
7886,72035
7887,80926
7889,550760
7890,187447
7892,45912
7893,137454
7894,30598
7895,94182
7896,16693
7897,50147
7898,143565
7899,138336
7900,377206
7901,168894
7902,436022
7903,461758
7904,62678
7905,17997
7906,40029
7907,268392
7908,102467
7909,2646
7910,221518
7911,140468
7912,96988
7913,381374
7914,158780
7915,39260
7916,278540
7917,300425
7918,502496
7919,125835
7920,414222
7921,312809
7922,30858
7924,209305
7925,212759
7926,200863
7928,351632
7929,232492
7930,331939
7931,466325
7932,526894
7933,213103
7934,452416
7935,251487
7936,165078
7937,227871
7938,366687
7939,196852
7940,62346
7941,38902
7942,170643
7943,88553
7944,187553
7945,137227
7946,49840
7947,61786
7948,326853
7949,119292
7950,124409
7951,42650
7952,280877
7953,193932
7954,25387
7956,27009
7957,447165
7958,29417
7959,40248
7960,421927
7961,54861
7962,49443
7963,483282
7964,185249
7965,411607
7966,151639
7967,191583
7968,362591
7969,30113
7971,433030
7973,7085
7974,310737
7976,56554
7977,59364
7978,93492
7979,80611
7980,106155
7981,415539
7982,471953
7983,575076
7984,83222
7985,303383
7986,251918
7987,193616
7988,67764
7989,116185
7990,19528
7991,218779
7992,159164
7993,453068
7994,55872
7995,80177
7996,68016
7997,346243
7998,293859
7999,37053
8001,421077
8002,81859
8003,87083
8004,116503
8006,255603
8007,93764
8008,25151
8009,404827
8010,85436
8011,193594
8012,132769
8013,139916
8014,184162
8015,143734
8016,528019
8017,535663
8018,96132
8019,295350
8020,375344
8021,16402
8022,63721
8023,13621
8024,352041
8025,222955
8027,122159
8028,371216
8029,35327
8030,219639
8031,316815
8032,60215
8033,21522
8034,2318
8035,4731
8037,492564
8038,132001
8039,95565
8040,226739
8041,63671
8042,520948
8043,63718
8044,93840
8045,112797
8046,78343
8047,134397
8048,545582
8049,100562
8050,19627
8051,177007
8052,83876
8053,260412
8054,364080
8055,17094
8056,339224
8057,492408
8058,398266
8059,85672
8060,543735
8061,489623
8062,117029
8063,36704
8065,39901
8066,468696
8068,91867
8069,90562
8070,65993
8071,166723
8072,22359
8073,332083
8075,37677
8076,17408
8077,158750
8079,278139
8080,95696
8081,168488
8082,444540
8083,267573
8085,184892
8086,163313
8087,40122
8088,75004
8089,133738
8090,421227
8091,47050
8092,148526
8093,54503
8094,213955
8095,105468
8096,44091
8097,302471
8098,58976
8099,376050
8101,92739
8102,303554
8103,58421
8104,37562
8105,103616
8106,53122
8107,49518
8108,101783
8109,199687
8110,358996
8111,191741
8112,272662
8113,376998
8114,180651
8115,23504
8116,32151
8117,95667
8118,295388
8119,74693
8120,200013
8121,336876
8122,69161
8123,60654
8124,17165
8125,567691
8126,86095
8127,115307
8128,38120
8129,87458
8130,370962
8131,399051
8132,348166
8133,67089
8134,223758
8135,286491
8136,307219
8137,405191
8138,286002
8139,222198
8140,125149
8141,220488
8142,372355
8143,456623
8144,242043
8146,33537
8148,201724
8149,241490
8150,234532
8151,146953
8152,291548
8153,65049
8154,353035
8155,47311
8157,86215
8159,381298
8160,259300
8161,111836
8162,82578
8163,420843
8164,533509
8165,20563
8166,29459
8167,306377
8168,401066
8170,14173
8171,37671
8172,101056
8173,303317
8174,279937
8175,143538
8176,129627
8177,111750
8178,272565
8179,435422
8180,91478
8181,23153
8182,66163
8183,224130
8184,200297
8185,218810
8186,308107
8187,486343
8188,54877
8189,217819
8190,148107
8191,113582
8192,145081
8193,155242
8194,25452
8196,137452
8197,269818
8198,559814
8199,443873
8200,514417
8201,538107
8202,495429
8203,89652
8204,481132
8205,79367
8206,221458
8207,48761
8208,69525
8209,25043
8210,69657
8211,219004
8212,131156
8213,97823
8214,362291
8215,412361
8216,76012
8217,66171
8218,283921
8219,138949
8220,96144
8221,102178
8222,117581
8223,81351
8224,570097
8225,326410
8226,55796
8227,279500
8228,41995
8229,23776
8230,41366
8231,66013
8232,404404
8233,295885
8234,364492
8235,264045
8236,57218
8237,200661
8241,534240
8242,540313
8243,32857
8244,11196
8245,279578
8246,40417
8247,384912
8248,88934
8250,63729
8251,257102
8252,407342
8253,331569
8254,308306
8255,165201
8257,23385
8259,108424
8261,21823
8262,68868
8263,184958
8264,203264
8265,167092
8266,80638
8267,14818
8268,333622
8269,32296
8270,64257
8271,491114
8272,64858
8274,514505
8275,284808
8277,381148
8278,138155
8279,222430
8280,79210
8281,441862
8282,161417
8283,54969
8284,336374
8285,74919
8286,47973
8287,65347
8288,268868
8289,183082
8290,194103
8291,94676
8292,292920
8293,94248
8294,365763
8295,386243
8297,42235
8298,212437
8299,304661
8300,93289
8301,211715
8302,405189
8303,107286
8304,87517
8306,391730
8307,49380
8308,148839
8309,9998
8310,46016
8311,434781
8312,68143
8314,107964
8315,215169
8316,140966
8317,43382
8318,89381
8319,225503
8320,320982
8321,130371
8322,261187
8323,298933
8324,85127
8325,4279
8327,64305
8329,28670
8330,13892
8331,78147
8332,228749
8334,73819
8335,24410
8336,90019
8337,201593
8338,335154
8339,46839
8340,266218
8341,199926
8342,161113
8343,73967
8344,107007
8345,54855
8346,51415
8347,307603
8348,18837
8349,37773
8351,64912
8353,584779
8354,70521
8355,202616
8356,31769
8357,103015
8358,368230
8359,192161
8360,257521
8361,374856
8362,280244
8363,67745
8364,359768
8365,125675
8366,56109
8367,430099
8368,458498
8369,78167
8370,274815
8371,76258
8372,451806
8373,240477
8374,30667
8376,64363
8377,48511
8379,44616
8380,76294
8381,4991
8382,420350
8383,10686
8384,16364
8385,32388
8386,318765
8387,19667
8388,449612
8389,121906
8390,338312
8391,87369
8392,38237
8393,374229
8394,303029
8396,28668
8397,40262
8398,63441
8400,484855
8402,112708
8404,90785
8405,217331
8406,54864
8407,122751
8409,62040
8410,390574
8411,26566
8412,539721
8414,69151
8415,107736
8416,5845
8417,458076
8418,149955
8419,379305
8420,50569
8421,82742
8423,325949
8424,230454
8425,38046
8426,55212
8427,301687
8428,500366
8429,191735
8430,271677
8431,449742
8432,190742
8433,115050
8434,423874
8435,66207
8436,494644
8437,117649
8439,95094
8441,222926
8442,84616
8443,95353
8444,347951
8445,304238
8446,111725
8448,69876
8449,159645
8450,372438
8451,100187
8452,37988
8453,246491
8454,155893
8455,236406
8456,91548
8457,80856
8458,44482
8459,42292
8460,223286
8461,75998
8462,13277
8463,52695
8464,295045
8465,15923
8466,271708
8467,75930
8468,4791
8469,21833
8470,558682
8471,298039
8472,78242
8473,85625
8474,155494
8476,233844
8477,449519
8478,16143
8479,260358
8480,222344
8481,522547
8482,101598
8484,77059
8486,42025
8487,72121
8488,36412
8489,59352
8490,48751
8491,207399
8492,542117
8496,129439
8497,231088
8498,57194
8499,331390
8500,28697
8501,2805
8502,118465
8503,300810
8504,445147
8506,43630
8507,120243
8508,91919
8509,133603
8510,466980
8511,129530
8513,5754
8514,115830
8516,143980
8517,210737
8518,536429
8519,159487
8520,223265
8521,203039
8522,242514
8523,544525
8524,84363
8525,201363
8526,80109
8528,463001
8529,88258
8530,46957
8531,291908
8532,25661
8534,34777
8535,66746
8536,85916
8537,142451
8538,171563
8539,258807
8540,221557
8541,19568
8542,141611
8543,42842
8544,208435
8545,512755
8546,53909
8547,20880
8549,258532
8550,252051
8551,451661
8552,437263
8553,27089
8554,110830
8555,52824
8556,48940
8557,39907
8558,53979
8560,292638
8561,56491
8562,22899
8563,24829
8565,68342
8566,94831
8567,264023
8568,65763
8569,241562
8570,147771
8571,151970
8572,63032
8573,313230
8574,97033
8575,43954
8576,464670
8577,478473
8578,58046
8579,143881
8580,40044
8581,500565
8582,81235
8583,22058
8584,95170
8586,86363
8588,321557
8589,73110
8591,116468
8592,21377
8593,94912
8594,122457
8595,380593
8596,303424
8597,216295
8598,177254
8599,304554
8600,49093
8601,151564
8602,62289
8604,80766
8605,491113
8606,57556
8607,40110
8608,244941
8609,26144
8610,217530
8611,108340
8612,558724
8613,51719
8614,340736
8615,140908
8617,445383
8618,504071
8619,51651
8620,529217
8621,155738
8622,98109
8623,347712
8624,167642
8625,433819
8626,24623
8627,114838
8628,59657
8629,507404
8630,83154
8631,80706
8632,204530
8633,115466
8634,268207
8635,381231
8636,79650
8637,56165
8638,39913
8639,23766
8640,153779
8641,61999
8642,211275
8643,304245
8645,417413
8646,109168
8647,120773
8648,245950
8649,41342
8650,71860
8652,131656
8653,413166
8655,23298
8656,117093
8657,469876
8658,117123
8660,292030
8661,30042
8662,56723
8663,57823
8664,405021
8665,104713
8666,116213
8668,455537
8669,457477
8670,46916
8671,505197
8672,318058
8673,39245
8674,434699
8675,410269
8676,50482
8677,63674
8678,283473
8679,267376
8680,307929
8682,543593
8683,273421
8684,76293
8686,222848
8687,465044
8688,184095
8689,43624
8690,39876
8691,39879
8692,35067
8693,355518
8694,25631
8695,345758
8696,112929
8697,45235
8698,77594
8699,133978
8700,26262
8701,238726
8702,104335
8703,419432
8704,534773
8705,399615
8706,424976
8708,546311
8709,32873
8710,224089
8711,458141
8712,341201
8714,203121
8715,163517
8716,308272
8718,402846
8719,462571
8720,396128
8721,135870
8722,243595
8723,440794
8724,357131
8725,269340
8726,25120
8727,237672
8728,109393
8729,80474
8730,422347
8731,316618
8732,232711
8733,377030
8734,76304
8735,321936
8737,377842
8738,76519
8739,301660
8740,473047
8741,97577
8743,20782
8744,152969
8745,402515
8746,360219
8747,364007
8748,158093
8749,52809
8750,54162
8752,96460
8753,387566
8754,311240
8755,293578
8756,34982
8758,304111
8759,31295
8761,106123
8762,75806
8763,443730
8764,31132
8765,455923
8766,102396
8767,197964
8768,26830
8769,66015
8770,48644
8771,16308
8772,372751
8773,16276
8774,24048
8775,528488
8776,150009
8777,24710
8778,536134
8779,53110
8780,139293
8781,240712
8782,131979
8783,23788
8784,79296
8785,323134
8786,158516
8787,48300
8789,436356
8790,139662
8791,47940
8793,76116
8794,23165
8795,311562
8796,38186
8797,67554
8799,98180
8801,58476
8802,139328
8803,242640
8804,300307
8805,44554
8806,253627
8807,127091
8808,28142
8809,121940
8810,199807
8811,98223
8812,284275
8813,225974
8816,224947
8817,212153
8818,59404
8819,49608
8821,75006
8822,29800
8823,91042
8824,302546
8825,109953
8826,256024
8827,440876
8828,57811
8829,44730
8830,5749
8831,499951
8832,457059
8833,338930
8835,87364
8836,86818
8837,408510
8839,478160
8840,541374
8841,578345
8842,117361
8843,278740
8844,498799
8845,212336
8846,228736
8847,48101
8848,315173
8849,49199
8850,207629
8851,28600
8852,92307
8853,73842
8854,398892
8855,252165
8856,106546
8857,140718
8858,270681
8860,40914
8861,102477
8862,232731
8863,31123
8865,40459
8866,357027
8867,368377
8868,301220
8869,37994
8870,37970
8871,150502
8872,141929
8873,52995
8874,164453
8875,328358
8876,77305
8877,11926
8878,249795
8879,125420
8880,232422
8881,108016
8882,205075
8883,192591
8884,53502
8885,104065
8886,116883
8888,478992
8889,113623
8890,173882
8891,326830
8892,210655
8893,467169
8894,133715
8895,66268
8897,109101
8898,212217
8900,461426
8901,110977
8902,277880
8903,30359
8904,371163
8905,48297
8906,41182
8909,44267
8910,54182
8911,331375
8912,177349
8913,508830
8914,427593
8915,69554
8916,193037
8917,45564
8918,271602
8920,29299
8923,96137
8924,147862
8925,37646
8926,30525
8928,500189
8929,466403
8930,253816
8931,57219
8932,70190
8933,84275
8934,420538
8935,87337
8936,253079
8937,27006
8938,115384
8939,287484
8940,502755
8941,88297
8942,505606
8943,93794
8944,159597
8946,22117
8947,79155
8948,131884
8949,145865
8951,59872
8952,103236
8953,39228
8954,250946
8955,59018
8956,80930
8958,181491
8959,56443
